Copyright 1986-2022 Xilinx, Inc. All Rights Reserved.
------------------------------------------------------------------------------------------------------------------------------------------------------------------------------------------------------
| Tool Version : Vivado v.2022.1 (win64) Build 3526262 Mon Apr 18 15:48:16 MDT 2022
| Date         : Mon Nov 24 20:34:54 2025
| Host         : Muhammad running 64-bit major release  (build 9200)
| Command      : report_timing_summary -max_paths 10 -report_unconstrained -file cpu_timing_summary_routed.rpt -pb cpu_timing_summary_routed.pb -rpx cpu_timing_summary_routed.rpx -warn_on_violation
| Design       : cpu
| Device       : 7k70t-fbv676
| Speed File   : -1  PRODUCTION 1.12 2017-02-17
------------------------------------------------------------------------------------------------------------------------------------------------------------------------------------------------------

Timing Summary Report

------------------------------------------------------------------------------------------------
| Timer Settings
| --------------
------------------------------------------------------------------------------------------------

  Enable Multi Corner Analysis               :  Yes
  Enable Pessimism Removal                   :  Yes
  Pessimism Removal Resolution               :  Nearest Common Node
  Enable Input Delay Default Clock           :  No
  Enable Preset / Clear Arcs                 :  No
  Disable Flight Delays                      :  No
  Ignore I/O Paths                           :  No
  Timing Early Launch at Borrowing Latches   :  No
  Borrow Time for Max Delay Exceptions       :  Yes
  Merge Timing Exceptions                    :  Yes

  Corner  Analyze    Analyze    
  Name    Max Paths  Min Paths  
  ------  ---------  ---------  
  Slow    Yes        Yes        
  Fast    Yes        Yes        


------------------------------------------------------------------------------------------------
| Report Methodology
| ------------------
------------------------------------------------------------------------------------------------

Rule       Severity          Description                  Violations  
---------  ----------------  ---------------------------  ----------  
TIMING-17  Critical Warning  Non-clocked sequential cell  152         

Note: This report is based on the most recent report_methodology run and may not be up-to-date. Run report_methodology on the current design for the latest report.



check_timing report

Table of Contents
-----------------
1. checking no_clock (152)
2. checking constant_clock (0)
3. checking pulse_width_clock (0)
4. checking unconstrained_internal_endpoints (543)
5. checking no_input_delay (31)
6. checking no_output_delay (33)
7. checking multiple_clock (0)
8. checking generated_clocks (0)
9. checking loops (0)
10. checking partial_input_delay (0)
11. checking partial_output_delay (0)
12. checking latch_loops (0)

1. checking no_clock (152)
--------------------------
 There are 152 register/latch pins with no clock driven by root clock pin: clk (HIGH)


2. checking constant_clock (0)
------------------------------
 There are 0 register/latch pins with constant_clock.


3. checking pulse_width_clock (0)
---------------------------------
 There are 0 register/latch pins which need pulse_width check


4. checking unconstrained_internal_endpoints (543)
--------------------------------------------------
 There are 543 pins that are not constrained for maximum delay. (HIGH)

 There are 0 pins that are not constrained for maximum delay due to constant clock.


5. checking no_input_delay (31)
-------------------------------
 There are 31 input ports with no input delay specified. (HIGH)

 There are 0 input ports with no input delay but user has a false path constraint.


6. checking no_output_delay (33)
--------------------------------
 There are 33 ports with no output delay specified. (HIGH)

 There are 0 ports with no output delay but user has a false path constraint

 There are 0 ports with no output delay but with a timing clock defined on it or propagating through it


7. checking multiple_clock (0)
------------------------------
 There are 0 register/latch pins with multiple clocks.


8. checking generated_clocks (0)
--------------------------------
 There are 0 generated clocks that are not connected to a clock source.


9. checking loops (0)
---------------------
 There are 0 combinational loops in the design.


10. checking partial_input_delay (0)
------------------------------------
 There are 0 input ports with partial input delay specified.


11. checking partial_output_delay (0)
-------------------------------------
 There are 0 ports with partial output delay specified.


12. checking latch_loops (0)
----------------------------
 There are 0 combinational latch loops in the design through latch input



------------------------------------------------------------------------------------------------
| Design Timing Summary
| ---------------------
------------------------------------------------------------------------------------------------

    WNS(ns)      TNS(ns)  TNS Failing Endpoints  TNS Total Endpoints      WHS(ns)      THS(ns)  THS Failing Endpoints  THS Total Endpoints     WPWS(ns)     TPWS(ns)  TPWS Failing Endpoints  TPWS Total Endpoints  
    -------      -------  ---------------------  -------------------      -------      -------  ---------------------  -------------------     --------     --------  ----------------------  --------------------  
        inf        0.000                      0                  576          inf        0.000                      0                  576           NA           NA                      NA                    NA  


There are no user specified timing constraints.


------------------------------------------------------------------------------------------------
| Clock Summary
| -------------
------------------------------------------------------------------------------------------------


------------------------------------------------------------------------------------------------
| Intra Clock Table
| -----------------
------------------------------------------------------------------------------------------------

Clock             WNS(ns)      TNS(ns)  TNS Failing Endpoints  TNS Total Endpoints      WHS(ns)      THS(ns)  THS Failing Endpoints  THS Total Endpoints     WPWS(ns)     TPWS(ns)  TPWS Failing Endpoints  TPWS Total Endpoints  
-----             -------      -------  ---------------------  -------------------      -------      -------  ---------------------  -------------------     --------     --------  ----------------------  --------------------  


------------------------------------------------------------------------------------------------
| Inter Clock Table
| -----------------
------------------------------------------------------------------------------------------------

From Clock    To Clock          WNS(ns)      TNS(ns)  TNS Failing Endpoints  TNS Total Endpoints      WHS(ns)      THS(ns)  THS Failing Endpoints  THS Total Endpoints  
----------    --------          -------      -------  ---------------------  -------------------      -------      -------  ---------------------  -------------------  


------------------------------------------------------------------------------------------------
| Other Path Groups Table
| -----------------------
------------------------------------------------------------------------------------------------

Path Group    From Clock    To Clock          WNS(ns)      TNS(ns)  TNS Failing Endpoints  TNS Total Endpoints      WHS(ns)      THS(ns)  THS Failing Endpoints  THS Total Endpoints  
----------    ----------    --------          -------      -------  ---------------------  -------------------      -------      -------  ---------------------  -------------------  


------------------------------------------------------------------------------------------------
| User Ignored Path Table
| -----------------------
------------------------------------------------------------------------------------------------

Path Group    From Clock    To Clock    
----------    ----------    --------    


------------------------------------------------------------------------------------------------
| Unconstrained Path Table
| ------------------------
------------------------------------------------------------------------------------------------

Path Group    From Clock    To Clock    
----------    ----------    --------    
(none)                                    


------------------------------------------------------------------------------------------------
| Timing Details
| --------------
------------------------------------------------------------------------------------------------


--------------------------------------------------------------------------------------
Path Group:  (none)
From Clock:  
  To Clock:  

Max Delay           576 Endpoints
Min Delay           576 Endpoints
--------------------------------------------------------------------------------------


Max Delay Paths
--------------------------------------------------------------------------------------
Slack:                    inf
  Source:                 RegB/q_reg_reg[5]/C
                            (rising edge-triggered cell FDCE)
  Destination:            ALU/result_reg_reg[0]/D
  Path Group:             (none)
  Path Type:              Max at Slow Process Corner
  Data Path Delay:        31.266ns  (logic 11.884ns (38.010%)  route 19.382ns (61.990%))
  Logic Levels:           98  (CARRY4=78 FDCE=1 LUT1=1 LUT3=15 LUT4=1 LUT5=1 MUXF7=1)

    Location             Delay type                Incr(ns)  Path(ns)    Netlist Resource(s)
  -------------------------------------------------------------------    -------------------
    SLICE_X1Y19          FDCE                         0.000     0.000 r  RegB/q_reg_reg[5]/C
    SLICE_X1Y19          FDCE (Prop_fdce_C_Q)         0.269     0.269 f  RegB/q_reg_reg[5]/Q
                         net (fo=39, routed)          2.353     2.622    RegB/Q[5]
    SLICE_X0Y26          LUT1 (Prop_lut1_I0_O)        0.053     2.675 r  RegB/result_reg[15]_i_43/O
                         net (fo=1, routed)           0.000     2.675    RegB/result_reg[15]_i_43_n_0
    SLICE_X0Y26          CARRY4 (Prop_carry4_S[1]_CO[3])
                                                      0.324     2.999 r  RegB/result_reg_reg[15]_i_27/CO[3]
                         net (fo=1, routed)           0.000     2.999    RegB/result_reg_reg[15]_i_27_n_0
    SLICE_X0Y27          CARRY4 (Prop_carry4_CI_CO[3])
                                                      0.058     3.057 r  RegB/result_reg_reg[15]_i_18/CO[3]
                         net (fo=1, routed)           0.000     3.057    RegB/result_reg_reg[15]_i_18_n_0
    SLICE_X0Y28          CARRY4 (Prop_carry4_CI_CO[3])
                                                      0.058     3.115 r  RegB/result_reg_reg[15]_i_13/CO[3]
                         net (fo=1, routed)           0.000     3.115    RegB/result_reg_reg[15]_i_13_n_0
    SLICE_X0Y29          CARRY4 (Prop_carry4_CI_CO[0])
                                                      0.179     3.294 r  RegB/result_reg_reg[15]_i_11/CO[0]
                         net (fo=20, routed)          0.904     4.198    ALU/result_reg_reg[14]_i_7_0[0]
    SLICE_X1Y25          LUT3 (Prop_lut3_I0_O)        0.157     4.355 r  ALU/result_reg[14]_i_28/O
                         net (fo=1, routed)           0.000     4.355    RegB/result_reg[13]_i_27[0]
    SLICE_X1Y25          CARRY4 (Prop_carry4_S[1]_CO[3])
                                                      0.324     4.679 r  RegB/result_reg_reg[14]_i_21/CO[3]
                         net (fo=1, routed)           0.000     4.679    RegB/result_reg_reg[14]_i_21_n_0
    SLICE_X1Y26          CARRY4 (Prop_carry4_CI_CO[3])
                                                      0.058     4.737 r  RegB/result_reg_reg[14]_i_16/CO[3]
                         net (fo=1, routed)           0.000     4.737    RegB/result_reg_reg[14]_i_16_n_0
    SLICE_X1Y27          CARRY4 (Prop_carry4_CI_CO[3])
                                                      0.058     4.795 r  RegB/result_reg_reg[14]_i_11/CO[3]
                         net (fo=1, routed)           0.000     4.795    RegB/result_reg_reg[14]_i_11_n_0
    SLICE_X1Y28          CARRY4 (Prop_carry4_CI_CO[3])
                                                      0.058     4.853 r  RegB/result_reg_reg[14]_i_8/CO[3]
                         net (fo=1, routed)           0.000     4.853    RegB/result_reg_reg[14]_i_8_n_0
    SLICE_X1Y29          CARRY4 (Prop_carry4_CI_CO[1])
                                                      0.094     4.947 r  RegB/result_reg_reg[14]_i_7/CO[1]
                         net (fo=20, routed)          0.827     5.775    ALU/result_reg_reg[13]_i_7_0[0]
    SLICE_X2Y25          LUT3 (Prop_lut3_I0_O)        0.152     5.927 r  ALU/result_reg[13]_i_28/O
                         net (fo=1, routed)           0.000     5.927    RegB/result_reg[12]_i_28[0]
    SLICE_X2Y25          CARRY4 (Prop_carry4_S[1]_CO[3])
                                                      0.310     6.237 r  RegB/result_reg_reg[13]_i_21/CO[3]
                         net (fo=1, routed)           0.000     6.237    RegB/result_reg_reg[13]_i_21_n_0
    SLICE_X2Y26          CARRY4 (Prop_carry4_CI_CO[3])
                                                      0.060     6.297 r  RegB/result_reg_reg[13]_i_16/CO[3]
                         net (fo=1, routed)           0.000     6.297    RegB/result_reg_reg[13]_i_16_n_0
    SLICE_X2Y27          CARRY4 (Prop_carry4_CI_CO[3])
                                                      0.060     6.357 r  RegB/result_reg_reg[13]_i_11/CO[3]
                         net (fo=1, routed)           0.000     6.357    RegB/result_reg_reg[13]_i_11_n_0
    SLICE_X2Y28          CARRY4 (Prop_carry4_CI_CO[3])
                                                      0.060     6.417 r  RegB/result_reg_reg[13]_i_8/CO[3]
                         net (fo=1, routed)           0.000     6.417    RegB/result_reg_reg[13]_i_8_n_0
    SLICE_X2Y29          CARRY4 (Prop_carry4_CI_CO[1])
                                                      0.093     6.510 r  RegB/result_reg_reg[13]_i_7/CO[1]
                         net (fo=20, routed)          1.177     7.687    ALU/result_reg_reg[12]_i_8_0[0]
    SLICE_X3Y23          LUT3 (Prop_lut3_I0_O)        0.153     7.840 r  ALU/result_reg[12]_i_29/O
                         net (fo=1, routed)           0.000     7.840    RegB/result_reg[11]_i_27[0]
    SLICE_X3Y23          CARRY4 (Prop_carry4_S[1]_CO[3])
                                                      0.324     8.164 r  RegB/result_reg_reg[12]_i_22/CO[3]
                         net (fo=1, routed)           0.000     8.164    RegB/result_reg_reg[12]_i_22_n_0
    SLICE_X3Y24          CARRY4 (Prop_carry4_CI_CO[3])
                                                      0.058     8.222 r  RegB/result_reg_reg[12]_i_17/CO[3]
                         net (fo=1, routed)           0.008     8.230    RegB/result_reg_reg[12]_i_17_n_0
    SLICE_X3Y25          CARRY4 (Prop_carry4_CI_CO[3])
                                                      0.058     8.288 r  RegB/result_reg_reg[12]_i_12/CO[3]
                         net (fo=1, routed)           0.000     8.288    RegB/result_reg_reg[12]_i_12_n_0
    SLICE_X3Y26          CARRY4 (Prop_carry4_CI_CO[3])
                                                      0.058     8.346 r  RegB/result_reg_reg[12]_i_9/CO[3]
                         net (fo=1, routed)           0.000     8.346    RegB/result_reg_reg[12]_i_9_n_0
    SLICE_X3Y27          CARRY4 (Prop_carry4_CI_CO[1])
                                                      0.094     8.440 r  RegB/result_reg_reg[12]_i_8/CO[1]
                         net (fo=20, routed)          0.974     9.414    ALU/result_reg_reg[11]_i_7_0[0]
    SLICE_X4Y23          LUT3 (Prop_lut3_I0_O)        0.152     9.566 r  ALU/result_reg[11]_i_24/O
                         net (fo=1, routed)           0.000     9.566    RegB/result_reg[10]_i_24[1]
    SLICE_X4Y23          CARRY4 (Prop_carry4_S[1]_CO[3])
                                                      0.324     9.890 r  RegB/result_reg_reg[11]_i_16/CO[3]
                         net (fo=1, routed)           0.000     9.890    RegB/result_reg_reg[11]_i_16_n_0
    SLICE_X4Y24          CARRY4 (Prop_carry4_CI_CO[3])
                                                      0.058     9.948 r  RegB/result_reg_reg[11]_i_11/CO[3]
                         net (fo=1, routed)           0.008     9.955    RegB/result_reg_reg[11]_i_11_n_0
    SLICE_X4Y25          CARRY4 (Prop_carry4_CI_CO[3])
                                                      0.058    10.013 r  RegB/result_reg_reg[11]_i_8/CO[3]
                         net (fo=1, routed)           0.000    10.013    RegB/result_reg_reg[11]_i_8_n_0
    SLICE_X4Y26          CARRY4 (Prop_carry4_CI_CO[1])
                                                      0.094    10.107 r  RegB/result_reg_reg[11]_i_7/CO[1]
                         net (fo=20, routed)          0.893    11.001    ALU/result_reg_reg[10]_i_7_0[0]
    SLICE_X5Y22          LUT3 (Prop_lut3_I0_O)        0.152    11.153 r  ALU/result_reg[10]_i_26/O
                         net (fo=1, routed)           0.000    11.153    RegB/result_reg[9]_i_27[2]
    SLICE_X5Y22          CARRY4 (Prop_carry4_S[3]_CO[3])
                                                      0.233    11.386 r  RegB/result_reg_reg[10]_i_21/CO[3]
                         net (fo=1, routed)           0.000    11.386    RegB/result_reg_reg[10]_i_21_n_0
    SLICE_X5Y23          CARRY4 (Prop_carry4_CI_CO[3])
                                                      0.058    11.444 r  RegB/result_reg_reg[10]_i_16/CO[3]
                         net (fo=1, routed)           0.000    11.444    RegB/result_reg_reg[10]_i_16_n_0
    SLICE_X5Y24          CARRY4 (Prop_carry4_CI_CO[3])
                                                      0.058    11.502 r  RegB/result_reg_reg[10]_i_11/CO[3]
                         net (fo=1, routed)           0.008    11.510    RegB/result_reg_reg[10]_i_11_n_0
    SLICE_X5Y25          CARRY4 (Prop_carry4_CI_CO[3])
                                                      0.058    11.568 r  RegB/result_reg_reg[10]_i_8/CO[3]
                         net (fo=1, routed)           0.000    11.568    RegB/result_reg_reg[10]_i_8_n_0
    SLICE_X5Y26          CARRY4 (Prop_carry4_CI_CO[1])
                                                      0.094    11.662 r  RegB/result_reg_reg[10]_i_7/CO[1]
                         net (fo=20, routed)          0.976    12.638    ALU/result_reg_reg[9]_i_7_0[0]
    SLICE_X7Y21          LUT3 (Prop_lut3_I0_O)        0.152    12.790 r  ALU/result_reg[9]_i_28/O
                         net (fo=1, routed)           0.000    12.790    RegB/result_reg[8]_i_28[0]
    SLICE_X7Y21          CARRY4 (Prop_carry4_S[1]_CO[3])
                                                      0.324    13.114 r  RegB/result_reg_reg[9]_i_21/CO[3]
                         net (fo=1, routed)           0.000    13.114    RegB/result_reg_reg[9]_i_21_n_0
    SLICE_X7Y22          CARRY4 (Prop_carry4_CI_CO[3])
                                                      0.058    13.172 r  RegB/result_reg_reg[9]_i_16/CO[3]
                         net (fo=1, routed)           0.000    13.172    RegB/result_reg_reg[9]_i_16_n_0
    SLICE_X7Y23          CARRY4 (Prop_carry4_CI_CO[3])
                                                      0.058    13.230 r  RegB/result_reg_reg[9]_i_11/CO[3]
                         net (fo=1, routed)           0.000    13.230    RegB/result_reg_reg[9]_i_11_n_0
    SLICE_X7Y24          CARRY4 (Prop_carry4_CI_CO[3])
                                                      0.058    13.288 r  RegB/result_reg_reg[9]_i_8/CO[3]
                         net (fo=1, routed)           0.008    13.296    RegB/result_reg_reg[9]_i_8_n_0
    SLICE_X7Y25          CARRY4 (Prop_carry4_CI_CO[1])
                                                      0.094    13.390 r  RegB/result_reg_reg[9]_i_7/CO[1]
                         net (fo=20, routed)          1.111    14.500    ALU/result_reg_reg[8]_i_8_0[0]
    SLICE_X6Y21          LUT3 (Prop_lut3_I0_O)        0.152    14.652 r  ALU/result_reg[8]_i_27/O
                         net (fo=1, routed)           0.000    14.652    RegB/result_reg[7]_i_27[2]
    SLICE_X6Y21          CARRY4 (Prop_carry4_S[3]_CO[3])
                                                      0.216    14.868 r  RegB/result_reg_reg[8]_i_22/CO[3]
                         net (fo=1, routed)           0.000    14.868    RegB/result_reg_reg[8]_i_22_n_0
    SLICE_X6Y22          CARRY4 (Prop_carry4_CI_CO[3])
                                                      0.060    14.928 r  RegB/result_reg_reg[8]_i_17/CO[3]
                         net (fo=1, routed)           0.000    14.928    RegB/result_reg_reg[8]_i_17_n_0
    SLICE_X6Y23          CARRY4 (Prop_carry4_CI_CO[3])
                                                      0.060    14.988 r  RegB/result_reg_reg[8]_i_12/CO[3]
                         net (fo=1, routed)           0.000    14.988    RegB/result_reg_reg[8]_i_12_n_0
    SLICE_X6Y24          CARRY4 (Prop_carry4_CI_CO[3])
                                                      0.060    15.048 r  RegB/result_reg_reg[8]_i_9/CO[3]
                         net (fo=1, routed)           0.008    15.056    RegB/result_reg_reg[8]_i_9_n_0
    SLICE_X6Y25          CARRY4 (Prop_carry4_CI_CO[1])
                                                      0.093    15.149 r  RegB/result_reg_reg[8]_i_8/CO[1]
                         net (fo=20, routed)          1.144    16.293    ALU/result_reg_reg[7]_i_7_0[0]
    SLICE_X9Y21          LUT3 (Prop_lut3_I0_O)        0.153    16.446 r  ALU/result_reg[7]_i_26/O
                         net (fo=1, routed)           0.000    16.446    RegB/result_reg[6]_i_27[2]
    SLICE_X9Y21          CARRY4 (Prop_carry4_S[3]_CO[3])
                                                      0.233    16.679 r  RegB/result_reg_reg[7]_i_21/CO[3]
                         net (fo=1, routed)           0.000    16.679    RegB/result_reg_reg[7]_i_21_n_0
    SLICE_X9Y22          CARRY4 (Prop_carry4_CI_CO[3])
                                                      0.058    16.737 r  RegB/result_reg_reg[7]_i_16/CO[3]
                         net (fo=1, routed)           0.000    16.737    RegB/result_reg_reg[7]_i_16_n_0
    SLICE_X9Y23          CARRY4 (Prop_carry4_CI_CO[3])
                                                      0.058    16.795 r  RegB/result_reg_reg[7]_i_11/CO[3]
                         net (fo=1, routed)           0.000    16.795    RegB/result_reg_reg[7]_i_11_n_0
    SLICE_X9Y24          CARRY4 (Prop_carry4_CI_CO[3])
                                                      0.058    16.853 r  RegB/result_reg_reg[7]_i_8/CO[3]
                         net (fo=1, routed)           0.008    16.861    RegB/result_reg_reg[7]_i_8_n_0
    SLICE_X9Y25          CARRY4 (Prop_carry4_CI_CO[1])
                                                      0.094    16.955 r  RegB/result_reg_reg[7]_i_7/CO[1]
                         net (fo=20, routed)          0.857    17.813    ALU/result_reg_reg[6]_i_7_0[0]
    SLICE_X8Y22          LUT3 (Prop_lut3_I0_O)        0.152    17.965 r  ALU/result_reg[6]_i_28/O
                         net (fo=1, routed)           0.000    17.965    RegB/result_reg[5]_i_27[0]
    SLICE_X8Y22          CARRY4 (Prop_carry4_S[1]_CO[3])
                                                      0.310    18.275 r  RegB/result_reg_reg[6]_i_21/CO[3]
                         net (fo=1, routed)           0.000    18.275    RegB/result_reg_reg[6]_i_21_n_0
    SLICE_X8Y23          CARRY4 (Prop_carry4_CI_CO[3])
                                                      0.060    18.335 r  RegB/result_reg_reg[6]_i_16/CO[3]
                         net (fo=1, routed)           0.000    18.335    RegB/result_reg_reg[6]_i_16_n_0
    SLICE_X8Y24          CARRY4 (Prop_carry4_CI_CO[3])
                                                      0.060    18.395 r  RegB/result_reg_reg[6]_i_11/CO[3]
                         net (fo=1, routed)           0.008    18.403    RegB/result_reg_reg[6]_i_11_n_0
    SLICE_X8Y25          CARRY4 (Prop_carry4_CI_CO[3])
                                                      0.060    18.463 r  RegB/result_reg_reg[6]_i_8/CO[3]
                         net (fo=1, routed)           0.000    18.463    RegB/result_reg_reg[6]_i_8_n_0
    SLICE_X8Y26          CARRY4 (Prop_carry4_CI_CO[1])
                                                      0.093    18.556 r  RegB/result_reg_reg[6]_i_7/CO[1]
                         net (fo=20, routed)          1.116    19.672    ALU/result_reg_reg[5]_i_7_0[0]
    SLICE_X10Y21         LUT3 (Prop_lut3_I0_O)        0.153    19.825 r  ALU/result_reg[5]_i_28/O
                         net (fo=1, routed)           0.000    19.825    RegB/result_reg[4]_i_28[0]
    SLICE_X10Y21         CARRY4 (Prop_carry4_S[1]_CO[3])
                                                      0.310    20.135 r  RegB/result_reg_reg[5]_i_21/CO[3]
                         net (fo=1, routed)           0.000    20.135    RegB/result_reg_reg[5]_i_21_n_0
    SLICE_X10Y22         CARRY4 (Prop_carry4_CI_CO[3])
                                                      0.060    20.195 r  RegB/result_reg_reg[5]_i_16/CO[3]
                         net (fo=1, routed)           0.000    20.195    RegB/result_reg_reg[5]_i_16_n_0
    SLICE_X10Y23         CARRY4 (Prop_carry4_CI_CO[3])
                                                      0.060    20.255 r  RegB/result_reg_reg[5]_i_11/CO[3]
                         net (fo=1, routed)           0.000    20.255    RegB/result_reg_reg[5]_i_11_n_0
    SLICE_X10Y24         CARRY4 (Prop_carry4_CI_CO[3])
                                                      0.060    20.315 r  RegB/result_reg_reg[5]_i_8/CO[3]
                         net (fo=1, routed)           0.008    20.323    RegB/result_reg_reg[5]_i_8_n_0
    SLICE_X10Y25         CARRY4 (Prop_carry4_CI_CO[1])
                                                      0.093    20.416 r  RegB/result_reg_reg[5]_i_7/CO[1]
                         net (fo=20, routed)          1.005    21.421    ALU/result_reg_reg[4]_i_8_0[0]
    SLICE_X12Y22         LUT3 (Prop_lut3_I0_O)        0.153    21.574 r  ALU/result_reg[4]_i_29/O
                         net (fo=1, routed)           0.000    21.574    RegB/result_reg[3]_i_27[0]
    SLICE_X12Y22         CARRY4 (Prop_carry4_S[1]_CO[3])
                                                      0.310    21.884 r  RegB/result_reg_reg[4]_i_22/CO[3]
                         net (fo=1, routed)           0.000    21.884    RegB/result_reg_reg[4]_i_22_n_0
    SLICE_X12Y23         CARRY4 (Prop_carry4_CI_CO[3])
                                                      0.060    21.944 r  RegB/result_reg_reg[4]_i_17/CO[3]
                         net (fo=1, routed)           0.000    21.944    RegB/result_reg_reg[4]_i_17_n_0
    SLICE_X12Y24         CARRY4 (Prop_carry4_CI_CO[3])
                                                      0.060    22.004 r  RegB/result_reg_reg[4]_i_12/CO[3]
                         net (fo=1, routed)           0.008    22.012    RegB/result_reg_reg[4]_i_12_n_0
    SLICE_X12Y25         CARRY4 (Prop_carry4_CI_CO[3])
                                                      0.060    22.072 r  RegB/result_reg_reg[4]_i_9/CO[3]
                         net (fo=1, routed)           0.000    22.072    RegB/result_reg_reg[4]_i_9_n_0
    SLICE_X12Y26         CARRY4 (Prop_carry4_CI_CO[1])
                                                      0.093    22.165 r  RegB/result_reg_reg[4]_i_8/CO[1]
                         net (fo=20, routed)          0.900    23.065    ALU/result_reg_reg[3]_i_7_0[0]
    SLICE_X13Y23         LUT3 (Prop_lut3_I0_O)        0.153    23.218 r  ALU/result_reg[3]_i_26/O
                         net (fo=1, routed)           0.000    23.218    RegB/result_reg[2]_i_27[2]
    SLICE_X13Y23         CARRY4 (Prop_carry4_S[3]_CO[3])
                                                      0.233    23.451 r  RegB/result_reg_reg[3]_i_21/CO[3]
                         net (fo=1, routed)           0.000    23.451    RegB/result_reg_reg[3]_i_21_n_0
    SLICE_X13Y24         CARRY4 (Prop_carry4_CI_CO[3])
                                                      0.058    23.509 r  RegB/result_reg_reg[3]_i_16/CO[3]
                         net (fo=1, routed)           0.008    23.517    RegB/result_reg_reg[3]_i_16_n_0
    SLICE_X13Y25         CARRY4 (Prop_carry4_CI_CO[3])
                                                      0.058    23.575 r  RegB/result_reg_reg[3]_i_11/CO[3]
                         net (fo=1, routed)           0.000    23.575    RegB/result_reg_reg[3]_i_11_n_0
    SLICE_X13Y26         CARRY4 (Prop_carry4_CI_CO[3])
                                                      0.058    23.633 r  RegB/result_reg_reg[3]_i_8/CO[3]
                         net (fo=1, routed)           0.000    23.633    RegB/result_reg_reg[3]_i_8_n_0
    SLICE_X13Y27         CARRY4 (Prop_carry4_CI_CO[1])
                                                      0.094    23.727 r  RegB/result_reg_reg[3]_i_7/CO[1]
                         net (fo=20, routed)          1.219    24.946    ALU/result_reg_reg[2]_i_7_0[0]
    SLICE_X11Y21         LUT3 (Prop_lut3_I0_O)        0.152    25.098 r  ALU/result_reg[2]_i_26/O
                         net (fo=1, routed)           0.000    25.098    RegB/result_reg[1]_i_27[2]
    SLICE_X11Y21         CARRY4 (Prop_carry4_S[3]_CO[3])
                                                      0.233    25.331 r  RegB/result_reg_reg[2]_i_21/CO[3]
                         net (fo=1, routed)           0.000    25.331    RegB/result_reg_reg[2]_i_21_n_0
    SLICE_X11Y22         CARRY4 (Prop_carry4_CI_CO[3])
                                                      0.058    25.389 r  RegB/result_reg_reg[2]_i_16/CO[3]
                         net (fo=1, routed)           0.000    25.389    RegB/result_reg_reg[2]_i_16_n_0
    SLICE_X11Y23         CARRY4 (Prop_carry4_CI_CO[3])
                                                      0.058    25.447 r  RegB/result_reg_reg[2]_i_11/CO[3]
                         net (fo=1, routed)           0.000    25.447    RegB/result_reg_reg[2]_i_11_n_0
    SLICE_X11Y24         CARRY4 (Prop_carry4_CI_CO[3])
                                                      0.058    25.505 r  RegB/result_reg_reg[2]_i_8/CO[3]
                         net (fo=1, routed)           0.008    25.513    RegB/result_reg_reg[2]_i_8_n_0
    SLICE_X11Y25         CARRY4 (Prop_carry4_CI_CO[1])
                                                      0.094    25.607 r  RegB/result_reg_reg[2]_i_7/CO[1]
                         net (fo=20, routed)          1.346    26.952    ALU/result_reg_reg[1]_i_7_0[0]
    SLICE_X14Y20         LUT3 (Prop_lut3_I0_O)        0.152    27.104 r  ALU/result_reg[1]_i_27/O
                         net (fo=1, routed)           0.000    27.104    RegB/result_reg[0]_i_27[1]
    SLICE_X14Y20         CARRY4 (Prop_carry4_S[2]_CO[3])
                                                      0.219    27.323 r  RegB/result_reg_reg[1]_i_21/CO[3]
                         net (fo=1, routed)           0.000    27.323    RegB/result_reg_reg[1]_i_21_n_0
    SLICE_X14Y21         CARRY4 (Prop_carry4_CI_CO[3])
                                                      0.060    27.383 r  RegB/result_reg_reg[1]_i_16/CO[3]
                         net (fo=1, routed)           0.000    27.383    RegB/result_reg_reg[1]_i_16_n_0
    SLICE_X14Y22         CARRY4 (Prop_carry4_CI_CO[3])
                                                      0.060    27.443 r  RegB/result_reg_reg[1]_i_11/CO[3]
                         net (fo=1, routed)           0.000    27.443    RegB/result_reg_reg[1]_i_11_n_0
    SLICE_X14Y23         CARRY4 (Prop_carry4_CI_CO[3])
                                                      0.060    27.503 r  RegB/result_reg_reg[1]_i_8/CO[3]
                         net (fo=1, routed)           0.000    27.503    RegB/result_reg_reg[1]_i_8_n_0
    SLICE_X14Y24         CARRY4 (Prop_carry4_CI_CO[1])
                                                      0.093    27.596 r  RegB/result_reg_reg[1]_i_7/CO[1]
                         net (fo=20, routed)          0.972    28.569    ALU/result_reg_reg[0]_i_7[0]
    SLICE_X15Y20         LUT3 (Prop_lut3_I0_O)        0.153    28.722 r  ALU/result_reg[0]_i_25/O
                         net (fo=1, routed)           0.000    28.722    RegB/result_reg_reg[0]_i_15_0[3]
    SLICE_X15Y20         CARRY4 (Prop_carry4_S[3]_CO[3])
                                                      0.233    28.955 r  RegB/result_reg_reg[0]_i_20/CO[3]
                         net (fo=1, routed)           0.000    28.955    RegB/result_reg_reg[0]_i_20_n_0
    SLICE_X15Y21         CARRY4 (Prop_carry4_CI_CO[3])
                                                      0.058    29.013 r  RegB/result_reg_reg[0]_i_15/CO[3]
                         net (fo=1, routed)           0.000    29.013    RegB/result_reg_reg[0]_i_15_n_0
    SLICE_X15Y22         CARRY4 (Prop_carry4_CI_CO[3])
                                                      0.058    29.071 r  RegB/result_reg_reg[0]_i_10/CO[3]
                         net (fo=1, routed)           0.000    29.071    RegB/result_reg_reg[0]_i_10_n_0
    SLICE_X15Y23         CARRY4 (Prop_carry4_CI_CO[3])
                                                      0.058    29.129 r  RegB/result_reg_reg[0]_i_8/CO[3]
                         net (fo=1, routed)           0.000    29.129    RegB/result_reg_reg[0]_i_8_n_0
    SLICE_X15Y24         CARRY4 (Prop_carry4_CI_CO[0])
                                                      0.179    29.308 r  RegB/result_reg_reg[0]_i_7/CO[0]
                         net (fo=1, routed)           1.031    30.339    RegB/result_reg_reg[0]_i_7_n_3
    SLICE_X5Y15          LUT4 (Prop_lut4_I0_O)        0.157    30.496 r  RegB/result_reg[0]_i_6/O
                         net (fo=1, routed)           0.000    30.496    IR/result_reg_reg[0]_1
    SLICE_X5Y15          MUXF7 (Prop_muxf7_I1_O)      0.129    30.625 r  IR/result_reg_reg[0]_i_4/O
                         net (fo=1, routed)           0.488    31.113    IR/result_reg_reg[0]_i_4_n_0
    SLICE_X4Y15          LUT5 (Prop_lut5_I3_O)        0.153    31.266 r  IR/result_reg[0]_i_1/O
                         net (fo=1, routed)           0.000    31.266    ALU/D[0]
    SLICE_X4Y15          FDRE                                         r  ALU/result_reg_reg[0]/D
  -------------------------------------------------------------------    -------------------

Slack:                    inf
  Source:                 RegB/q_reg_reg[5]/C
                            (rising edge-triggered cell FDCE)
  Destination:            ALU/result_reg_reg[1]/D
  Path Group:             (none)
  Path Type:              Max at Slow Process Corner
  Data Path Delay:        29.970ns  (logic 11.132ns (37.144%)  route 18.838ns (62.856%))
  Logic Levels:           92  (CARRY4=73 FDCE=1 LUT1=1 LUT3=14 LUT4=1 LUT5=1 MUXF7=1)

    Location             Delay type                Incr(ns)  Path(ns)    Netlist Resource(s)
  -------------------------------------------------------------------    -------------------
    SLICE_X1Y19          FDCE                         0.000     0.000 r  RegB/q_reg_reg[5]/C
    SLICE_X1Y19          FDCE (Prop_fdce_C_Q)         0.269     0.269 f  RegB/q_reg_reg[5]/Q
                         net (fo=39, routed)          2.353     2.622    RegB/Q[5]
    SLICE_X0Y26          LUT1 (Prop_lut1_I0_O)        0.053     2.675 r  RegB/result_reg[15]_i_43/O
                         net (fo=1, routed)           0.000     2.675    RegB/result_reg[15]_i_43_n_0
    SLICE_X0Y26          CARRY4 (Prop_carry4_S[1]_CO[3])
                                                      0.324     2.999 r  RegB/result_reg_reg[15]_i_27/CO[3]
                         net (fo=1, routed)           0.000     2.999    RegB/result_reg_reg[15]_i_27_n_0
    SLICE_X0Y27          CARRY4 (Prop_carry4_CI_CO[3])
                                                      0.058     3.057 r  RegB/result_reg_reg[15]_i_18/CO[3]
                         net (fo=1, routed)           0.000     3.057    RegB/result_reg_reg[15]_i_18_n_0
    SLICE_X0Y28          CARRY4 (Prop_carry4_CI_CO[3])
                                                      0.058     3.115 r  RegB/result_reg_reg[15]_i_13/CO[3]
                         net (fo=1, routed)           0.000     3.115    RegB/result_reg_reg[15]_i_13_n_0
    SLICE_X0Y29          CARRY4 (Prop_carry4_CI_CO[0])
                                                      0.179     3.294 r  RegB/result_reg_reg[15]_i_11/CO[0]
                         net (fo=20, routed)          0.904     4.198    ALU/result_reg_reg[14]_i_7_0[0]
    SLICE_X1Y25          LUT3 (Prop_lut3_I0_O)        0.157     4.355 r  ALU/result_reg[14]_i_28/O
                         net (fo=1, routed)           0.000     4.355    RegB/result_reg[13]_i_27[0]
    SLICE_X1Y25          CARRY4 (Prop_carry4_S[1]_CO[3])
                                                      0.324     4.679 r  RegB/result_reg_reg[14]_i_21/CO[3]
                         net (fo=1, routed)           0.000     4.679    RegB/result_reg_reg[14]_i_21_n_0
    SLICE_X1Y26          CARRY4 (Prop_carry4_CI_CO[3])
                                                      0.058     4.737 r  RegB/result_reg_reg[14]_i_16/CO[3]
                         net (fo=1, routed)           0.000     4.737    RegB/result_reg_reg[14]_i_16_n_0
    SLICE_X1Y27          CARRY4 (Prop_carry4_CI_CO[3])
                                                      0.058     4.795 r  RegB/result_reg_reg[14]_i_11/CO[3]
                         net (fo=1, routed)           0.000     4.795    RegB/result_reg_reg[14]_i_11_n_0
    SLICE_X1Y28          CARRY4 (Prop_carry4_CI_CO[3])
                                                      0.058     4.853 r  RegB/result_reg_reg[14]_i_8/CO[3]
                         net (fo=1, routed)           0.000     4.853    RegB/result_reg_reg[14]_i_8_n_0
    SLICE_X1Y29          CARRY4 (Prop_carry4_CI_CO[1])
                                                      0.094     4.947 r  RegB/result_reg_reg[14]_i_7/CO[1]
                         net (fo=20, routed)          0.827     5.775    ALU/result_reg_reg[13]_i_7_0[0]
    SLICE_X2Y25          LUT3 (Prop_lut3_I0_O)        0.152     5.927 r  ALU/result_reg[13]_i_28/O
                         net (fo=1, routed)           0.000     5.927    RegB/result_reg[12]_i_28[0]
    SLICE_X2Y25          CARRY4 (Prop_carry4_S[1]_CO[3])
                                                      0.310     6.237 r  RegB/result_reg_reg[13]_i_21/CO[3]
                         net (fo=1, routed)           0.000     6.237    RegB/result_reg_reg[13]_i_21_n_0
    SLICE_X2Y26          CARRY4 (Prop_carry4_CI_CO[3])
                                                      0.060     6.297 r  RegB/result_reg_reg[13]_i_16/CO[3]
                         net (fo=1, routed)           0.000     6.297    RegB/result_reg_reg[13]_i_16_n_0
    SLICE_X2Y27          CARRY4 (Prop_carry4_CI_CO[3])
                                                      0.060     6.357 r  RegB/result_reg_reg[13]_i_11/CO[3]
                         net (fo=1, routed)           0.000     6.357    RegB/result_reg_reg[13]_i_11_n_0
    SLICE_X2Y28          CARRY4 (Prop_carry4_CI_CO[3])
                                                      0.060     6.417 r  RegB/result_reg_reg[13]_i_8/CO[3]
                         net (fo=1, routed)           0.000     6.417    RegB/result_reg_reg[13]_i_8_n_0
    SLICE_X2Y29          CARRY4 (Prop_carry4_CI_CO[1])
                                                      0.093     6.510 r  RegB/result_reg_reg[13]_i_7/CO[1]
                         net (fo=20, routed)          1.177     7.687    ALU/result_reg_reg[12]_i_8_0[0]
    SLICE_X3Y23          LUT3 (Prop_lut3_I0_O)        0.153     7.840 r  ALU/result_reg[12]_i_29/O
                         net (fo=1, routed)           0.000     7.840    RegB/result_reg[11]_i_27[0]
    SLICE_X3Y23          CARRY4 (Prop_carry4_S[1]_CO[3])
                                                      0.324     8.164 r  RegB/result_reg_reg[12]_i_22/CO[3]
                         net (fo=1, routed)           0.000     8.164    RegB/result_reg_reg[12]_i_22_n_0
    SLICE_X3Y24          CARRY4 (Prop_carry4_CI_CO[3])
                                                      0.058     8.222 r  RegB/result_reg_reg[12]_i_17/CO[3]
                         net (fo=1, routed)           0.008     8.230    RegB/result_reg_reg[12]_i_17_n_0
    SLICE_X3Y25          CARRY4 (Prop_carry4_CI_CO[3])
                                                      0.058     8.288 r  RegB/result_reg_reg[12]_i_12/CO[3]
                         net (fo=1, routed)           0.000     8.288    RegB/result_reg_reg[12]_i_12_n_0
    SLICE_X3Y26          CARRY4 (Prop_carry4_CI_CO[3])
                                                      0.058     8.346 r  RegB/result_reg_reg[12]_i_9/CO[3]
                         net (fo=1, routed)           0.000     8.346    RegB/result_reg_reg[12]_i_9_n_0
    SLICE_X3Y27          CARRY4 (Prop_carry4_CI_CO[1])
                                                      0.094     8.440 r  RegB/result_reg_reg[12]_i_8/CO[1]
                         net (fo=20, routed)          0.974     9.414    ALU/result_reg_reg[11]_i_7_0[0]
    SLICE_X4Y23          LUT3 (Prop_lut3_I0_O)        0.152     9.566 r  ALU/result_reg[11]_i_24/O
                         net (fo=1, routed)           0.000     9.566    RegB/result_reg[10]_i_24[1]
    SLICE_X4Y23          CARRY4 (Prop_carry4_S[1]_CO[3])
                                                      0.324     9.890 r  RegB/result_reg_reg[11]_i_16/CO[3]
                         net (fo=1, routed)           0.000     9.890    RegB/result_reg_reg[11]_i_16_n_0
    SLICE_X4Y24          CARRY4 (Prop_carry4_CI_CO[3])
                                                      0.058     9.948 r  RegB/result_reg_reg[11]_i_11/CO[3]
                         net (fo=1, routed)           0.008     9.955    RegB/result_reg_reg[11]_i_11_n_0
    SLICE_X4Y25          CARRY4 (Prop_carry4_CI_CO[3])
                                                      0.058    10.013 r  RegB/result_reg_reg[11]_i_8/CO[3]
                         net (fo=1, routed)           0.000    10.013    RegB/result_reg_reg[11]_i_8_n_0
    SLICE_X4Y26          CARRY4 (Prop_carry4_CI_CO[1])
                                                      0.094    10.107 r  RegB/result_reg_reg[11]_i_7/CO[1]
                         net (fo=20, routed)          0.893    11.001    ALU/result_reg_reg[10]_i_7_0[0]
    SLICE_X5Y22          LUT3 (Prop_lut3_I0_O)        0.152    11.153 r  ALU/result_reg[10]_i_26/O
                         net (fo=1, routed)           0.000    11.153    RegB/result_reg[9]_i_27[2]
    SLICE_X5Y22          CARRY4 (Prop_carry4_S[3]_CO[3])
                                                      0.233    11.386 r  RegB/result_reg_reg[10]_i_21/CO[3]
                         net (fo=1, routed)           0.000    11.386    RegB/result_reg_reg[10]_i_21_n_0
    SLICE_X5Y23          CARRY4 (Prop_carry4_CI_CO[3])
                                                      0.058    11.444 r  RegB/result_reg_reg[10]_i_16/CO[3]
                         net (fo=1, routed)           0.000    11.444    RegB/result_reg_reg[10]_i_16_n_0
    SLICE_X5Y24          CARRY4 (Prop_carry4_CI_CO[3])
                                                      0.058    11.502 r  RegB/result_reg_reg[10]_i_11/CO[3]
                         net (fo=1, routed)           0.008    11.510    RegB/result_reg_reg[10]_i_11_n_0
    SLICE_X5Y25          CARRY4 (Prop_carry4_CI_CO[3])
                                                      0.058    11.568 r  RegB/result_reg_reg[10]_i_8/CO[3]
                         net (fo=1, routed)           0.000    11.568    RegB/result_reg_reg[10]_i_8_n_0
    SLICE_X5Y26          CARRY4 (Prop_carry4_CI_CO[1])
                                                      0.094    11.662 r  RegB/result_reg_reg[10]_i_7/CO[1]
                         net (fo=20, routed)          0.976    12.638    ALU/result_reg_reg[9]_i_7_0[0]
    SLICE_X7Y21          LUT3 (Prop_lut3_I0_O)        0.152    12.790 r  ALU/result_reg[9]_i_28/O
                         net (fo=1, routed)           0.000    12.790    RegB/result_reg[8]_i_28[0]
    SLICE_X7Y21          CARRY4 (Prop_carry4_S[1]_CO[3])
                                                      0.324    13.114 r  RegB/result_reg_reg[9]_i_21/CO[3]
                         net (fo=1, routed)           0.000    13.114    RegB/result_reg_reg[9]_i_21_n_0
    SLICE_X7Y22          CARRY4 (Prop_carry4_CI_CO[3])
                                                      0.058    13.172 r  RegB/result_reg_reg[9]_i_16/CO[3]
                         net (fo=1, routed)           0.000    13.172    RegB/result_reg_reg[9]_i_16_n_0
    SLICE_X7Y23          CARRY4 (Prop_carry4_CI_CO[3])
                                                      0.058    13.230 r  RegB/result_reg_reg[9]_i_11/CO[3]
                         net (fo=1, routed)           0.000    13.230    RegB/result_reg_reg[9]_i_11_n_0
    SLICE_X7Y24          CARRY4 (Prop_carry4_CI_CO[3])
                                                      0.058    13.288 r  RegB/result_reg_reg[9]_i_8/CO[3]
                         net (fo=1, routed)           0.008    13.296    RegB/result_reg_reg[9]_i_8_n_0
    SLICE_X7Y25          CARRY4 (Prop_carry4_CI_CO[1])
                                                      0.094    13.390 r  RegB/result_reg_reg[9]_i_7/CO[1]
                         net (fo=20, routed)          1.111    14.500    ALU/result_reg_reg[8]_i_8_0[0]
    SLICE_X6Y21          LUT3 (Prop_lut3_I0_O)        0.152    14.652 r  ALU/result_reg[8]_i_27/O
                         net (fo=1, routed)           0.000    14.652    RegB/result_reg[7]_i_27[2]
    SLICE_X6Y21          CARRY4 (Prop_carry4_S[3]_CO[3])
                                                      0.216    14.868 r  RegB/result_reg_reg[8]_i_22/CO[3]
                         net (fo=1, routed)           0.000    14.868    RegB/result_reg_reg[8]_i_22_n_0
    SLICE_X6Y22          CARRY4 (Prop_carry4_CI_CO[3])
                                                      0.060    14.928 r  RegB/result_reg_reg[8]_i_17/CO[3]
                         net (fo=1, routed)           0.000    14.928    RegB/result_reg_reg[8]_i_17_n_0
    SLICE_X6Y23          CARRY4 (Prop_carry4_CI_CO[3])
                                                      0.060    14.988 r  RegB/result_reg_reg[8]_i_12/CO[3]
                         net (fo=1, routed)           0.000    14.988    RegB/result_reg_reg[8]_i_12_n_0
    SLICE_X6Y24          CARRY4 (Prop_carry4_CI_CO[3])
                                                      0.060    15.048 r  RegB/result_reg_reg[8]_i_9/CO[3]
                         net (fo=1, routed)           0.008    15.056    RegB/result_reg_reg[8]_i_9_n_0
    SLICE_X6Y25          CARRY4 (Prop_carry4_CI_CO[1])
                                                      0.093    15.149 r  RegB/result_reg_reg[8]_i_8/CO[1]
                         net (fo=20, routed)          1.144    16.293    ALU/result_reg_reg[7]_i_7_0[0]
    SLICE_X9Y21          LUT3 (Prop_lut3_I0_O)        0.153    16.446 r  ALU/result_reg[7]_i_26/O
                         net (fo=1, routed)           0.000    16.446    RegB/result_reg[6]_i_27[2]
    SLICE_X9Y21          CARRY4 (Prop_carry4_S[3]_CO[3])
                                                      0.233    16.679 r  RegB/result_reg_reg[7]_i_21/CO[3]
                         net (fo=1, routed)           0.000    16.679    RegB/result_reg_reg[7]_i_21_n_0
    SLICE_X9Y22          CARRY4 (Prop_carry4_CI_CO[3])
                                                      0.058    16.737 r  RegB/result_reg_reg[7]_i_16/CO[3]
                         net (fo=1, routed)           0.000    16.737    RegB/result_reg_reg[7]_i_16_n_0
    SLICE_X9Y23          CARRY4 (Prop_carry4_CI_CO[3])
                                                      0.058    16.795 r  RegB/result_reg_reg[7]_i_11/CO[3]
                         net (fo=1, routed)           0.000    16.795    RegB/result_reg_reg[7]_i_11_n_0
    SLICE_X9Y24          CARRY4 (Prop_carry4_CI_CO[3])
                                                      0.058    16.853 r  RegB/result_reg_reg[7]_i_8/CO[3]
                         net (fo=1, routed)           0.008    16.861    RegB/result_reg_reg[7]_i_8_n_0
    SLICE_X9Y25          CARRY4 (Prop_carry4_CI_CO[1])
                                                      0.094    16.955 r  RegB/result_reg_reg[7]_i_7/CO[1]
                         net (fo=20, routed)          0.857    17.813    ALU/result_reg_reg[6]_i_7_0[0]
    SLICE_X8Y22          LUT3 (Prop_lut3_I0_O)        0.152    17.965 r  ALU/result_reg[6]_i_28/O
                         net (fo=1, routed)           0.000    17.965    RegB/result_reg[5]_i_27[0]
    SLICE_X8Y22          CARRY4 (Prop_carry4_S[1]_CO[3])
                                                      0.310    18.275 r  RegB/result_reg_reg[6]_i_21/CO[3]
                         net (fo=1, routed)           0.000    18.275    RegB/result_reg_reg[6]_i_21_n_0
    SLICE_X8Y23          CARRY4 (Prop_carry4_CI_CO[3])
                                                      0.060    18.335 r  RegB/result_reg_reg[6]_i_16/CO[3]
                         net (fo=1, routed)           0.000    18.335    RegB/result_reg_reg[6]_i_16_n_0
    SLICE_X8Y24          CARRY4 (Prop_carry4_CI_CO[3])
                                                      0.060    18.395 r  RegB/result_reg_reg[6]_i_11/CO[3]
                         net (fo=1, routed)           0.008    18.403    RegB/result_reg_reg[6]_i_11_n_0
    SLICE_X8Y25          CARRY4 (Prop_carry4_CI_CO[3])
                                                      0.060    18.463 r  RegB/result_reg_reg[6]_i_8/CO[3]
                         net (fo=1, routed)           0.000    18.463    RegB/result_reg_reg[6]_i_8_n_0
    SLICE_X8Y26          CARRY4 (Prop_carry4_CI_CO[1])
                                                      0.093    18.556 r  RegB/result_reg_reg[6]_i_7/CO[1]
                         net (fo=20, routed)          1.116    19.672    ALU/result_reg_reg[5]_i_7_0[0]
    SLICE_X10Y21         LUT3 (Prop_lut3_I0_O)        0.153    19.825 r  ALU/result_reg[5]_i_28/O
                         net (fo=1, routed)           0.000    19.825    RegB/result_reg[4]_i_28[0]
    SLICE_X10Y21         CARRY4 (Prop_carry4_S[1]_CO[3])
                                                      0.310    20.135 r  RegB/result_reg_reg[5]_i_21/CO[3]
                         net (fo=1, routed)           0.000    20.135    RegB/result_reg_reg[5]_i_21_n_0
    SLICE_X10Y22         CARRY4 (Prop_carry4_CI_CO[3])
                                                      0.060    20.195 r  RegB/result_reg_reg[5]_i_16/CO[3]
                         net (fo=1, routed)           0.000    20.195    RegB/result_reg_reg[5]_i_16_n_0
    SLICE_X10Y23         CARRY4 (Prop_carry4_CI_CO[3])
                                                      0.060    20.255 r  RegB/result_reg_reg[5]_i_11/CO[3]
                         net (fo=1, routed)           0.000    20.255    RegB/result_reg_reg[5]_i_11_n_0
    SLICE_X10Y24         CARRY4 (Prop_carry4_CI_CO[3])
                                                      0.060    20.315 r  RegB/result_reg_reg[5]_i_8/CO[3]
                         net (fo=1, routed)           0.008    20.323    RegB/result_reg_reg[5]_i_8_n_0
    SLICE_X10Y25         CARRY4 (Prop_carry4_CI_CO[1])
                                                      0.093    20.416 r  RegB/result_reg_reg[5]_i_7/CO[1]
                         net (fo=20, routed)          1.005    21.421    ALU/result_reg_reg[4]_i_8_0[0]
    SLICE_X12Y22         LUT3 (Prop_lut3_I0_O)        0.153    21.574 r  ALU/result_reg[4]_i_29/O
                         net (fo=1, routed)           0.000    21.574    RegB/result_reg[3]_i_27[0]
    SLICE_X12Y22         CARRY4 (Prop_carry4_S[1]_CO[3])
                                                      0.310    21.884 r  RegB/result_reg_reg[4]_i_22/CO[3]
                         net (fo=1, routed)           0.000    21.884    RegB/result_reg_reg[4]_i_22_n_0
    SLICE_X12Y23         CARRY4 (Prop_carry4_CI_CO[3])
                                                      0.060    21.944 r  RegB/result_reg_reg[4]_i_17/CO[3]
                         net (fo=1, routed)           0.000    21.944    RegB/result_reg_reg[4]_i_17_n_0
    SLICE_X12Y24         CARRY4 (Prop_carry4_CI_CO[3])
                                                      0.060    22.004 r  RegB/result_reg_reg[4]_i_12/CO[3]
                         net (fo=1, routed)           0.008    22.012    RegB/result_reg_reg[4]_i_12_n_0
    SLICE_X12Y25         CARRY4 (Prop_carry4_CI_CO[3])
                                                      0.060    22.072 r  RegB/result_reg_reg[4]_i_9/CO[3]
                         net (fo=1, routed)           0.000    22.072    RegB/result_reg_reg[4]_i_9_n_0
    SLICE_X12Y26         CARRY4 (Prop_carry4_CI_CO[1])
                                                      0.093    22.165 r  RegB/result_reg_reg[4]_i_8/CO[1]
                         net (fo=20, routed)          0.900    23.065    ALU/result_reg_reg[3]_i_7_0[0]
    SLICE_X13Y23         LUT3 (Prop_lut3_I0_O)        0.153    23.218 r  ALU/result_reg[3]_i_26/O
                         net (fo=1, routed)           0.000    23.218    RegB/result_reg[2]_i_27[2]
    SLICE_X13Y23         CARRY4 (Prop_carry4_S[3]_CO[3])
                                                      0.233    23.451 r  RegB/result_reg_reg[3]_i_21/CO[3]
                         net (fo=1, routed)           0.000    23.451    RegB/result_reg_reg[3]_i_21_n_0
    SLICE_X13Y24         CARRY4 (Prop_carry4_CI_CO[3])
                                                      0.058    23.509 r  RegB/result_reg_reg[3]_i_16/CO[3]
                         net (fo=1, routed)           0.008    23.517    RegB/result_reg_reg[3]_i_16_n_0
    SLICE_X13Y25         CARRY4 (Prop_carry4_CI_CO[3])
                                                      0.058    23.575 r  RegB/result_reg_reg[3]_i_11/CO[3]
                         net (fo=1, routed)           0.000    23.575    RegB/result_reg_reg[3]_i_11_n_0
    SLICE_X13Y26         CARRY4 (Prop_carry4_CI_CO[3])
                                                      0.058    23.633 r  RegB/result_reg_reg[3]_i_8/CO[3]
                         net (fo=1, routed)           0.000    23.633    RegB/result_reg_reg[3]_i_8_n_0
    SLICE_X13Y27         CARRY4 (Prop_carry4_CI_CO[1])
                                                      0.094    23.727 r  RegB/result_reg_reg[3]_i_7/CO[1]
                         net (fo=20, routed)          1.219    24.946    ALU/result_reg_reg[2]_i_7_0[0]
    SLICE_X11Y21         LUT3 (Prop_lut3_I0_O)        0.152    25.098 r  ALU/result_reg[2]_i_26/O
                         net (fo=1, routed)           0.000    25.098    RegB/result_reg[1]_i_27[2]
    SLICE_X11Y21         CARRY4 (Prop_carry4_S[3]_CO[3])
                                                      0.233    25.331 r  RegB/result_reg_reg[2]_i_21/CO[3]
                         net (fo=1, routed)           0.000    25.331    RegB/result_reg_reg[2]_i_21_n_0
    SLICE_X11Y22         CARRY4 (Prop_carry4_CI_CO[3])
                                                      0.058    25.389 r  RegB/result_reg_reg[2]_i_16/CO[3]
                         net (fo=1, routed)           0.000    25.389    RegB/result_reg_reg[2]_i_16_n_0
    SLICE_X11Y23         CARRY4 (Prop_carry4_CI_CO[3])
                                                      0.058    25.447 r  RegB/result_reg_reg[2]_i_11/CO[3]
                         net (fo=1, routed)           0.000    25.447    RegB/result_reg_reg[2]_i_11_n_0
    SLICE_X11Y24         CARRY4 (Prop_carry4_CI_CO[3])
                                                      0.058    25.505 r  RegB/result_reg_reg[2]_i_8/CO[3]
                         net (fo=1, routed)           0.008    25.513    RegB/result_reg_reg[2]_i_8_n_0
    SLICE_X11Y25         CARRY4 (Prop_carry4_CI_CO[1])
                                                      0.094    25.607 r  RegB/result_reg_reg[2]_i_7/CO[1]
                         net (fo=20, routed)          1.346    26.952    ALU/result_reg_reg[1]_i_7_0[0]
    SLICE_X14Y20         LUT3 (Prop_lut3_I0_O)        0.152    27.104 r  ALU/result_reg[1]_i_27/O
                         net (fo=1, routed)           0.000    27.104    RegB/result_reg[0]_i_27[1]
    SLICE_X14Y20         CARRY4 (Prop_carry4_S[2]_CO[3])
                                                      0.219    27.323 r  RegB/result_reg_reg[1]_i_21/CO[3]
                         net (fo=1, routed)           0.000    27.323    RegB/result_reg_reg[1]_i_21_n_0
    SLICE_X14Y21         CARRY4 (Prop_carry4_CI_CO[3])
                                                      0.060    27.383 r  RegB/result_reg_reg[1]_i_16/CO[3]
                         net (fo=1, routed)           0.000    27.383    RegB/result_reg_reg[1]_i_16_n_0
    SLICE_X14Y22         CARRY4 (Prop_carry4_CI_CO[3])
                                                      0.060    27.443 r  RegB/result_reg_reg[1]_i_11/CO[3]
                         net (fo=1, routed)           0.000    27.443    RegB/result_reg_reg[1]_i_11_n_0
    SLICE_X14Y23         CARRY4 (Prop_carry4_CI_CO[3])
                                                      0.060    27.503 r  RegB/result_reg_reg[1]_i_8/CO[3]
                         net (fo=1, routed)           0.000    27.503    RegB/result_reg_reg[1]_i_8_n_0
    SLICE_X14Y24         CARRY4 (Prop_carry4_CI_CO[1])
                                                      0.093    27.596 r  RegB/result_reg_reg[1]_i_7/CO[1]
                         net (fo=20, routed)          1.279    28.876    RegB/q_reg_reg[15]_1[0]
    SLICE_X6Y16          LUT4 (Prop_lut4_I0_O)        0.153    29.029 r  RegB/result_reg[1]_i_6/O
                         net (fo=1, routed)           0.000    29.029    IR/result_reg_reg[1]_1
    SLICE_X6Y16          MUXF7 (Prop_muxf7_I1_O)      0.123    29.152 r  IR/result_reg_reg[1]_i_4/O
                         net (fo=1, routed)           0.668    29.820    IR/result_reg_reg[1]_i_4_n_0
    SLICE_X3Y15          LUT5 (Prop_lut5_I3_O)        0.150    29.970 r  IR/result_reg[1]_i_1/O
                         net (fo=1, routed)           0.000    29.970    ALU/D[1]
    SLICE_X3Y15          FDRE                                         r  ALU/result_reg_reg[1]/D
  -------------------------------------------------------------------    -------------------

Slack:                    inf
  Source:                 RegB/q_reg_reg[5]/C
                            (rising edge-triggered cell FDCE)
  Destination:            ALU/result_reg_reg[2]/D
  Path Group:             (none)
  Path Type:              Max at Slow Process Corner
  Data Path Delay:        27.654ns  (logic 10.496ns (37.954%)  route 17.158ns (62.046%))
  Logic Levels:           86  (CARRY4=68 FDCE=1 LUT1=1 LUT3=13 LUT4=1 LUT5=1 MUXF7=1)

    Location             Delay type                Incr(ns)  Path(ns)    Netlist Resource(s)
  -------------------------------------------------------------------    -------------------
    SLICE_X1Y19          FDCE                         0.000     0.000 r  RegB/q_reg_reg[5]/C
    SLICE_X1Y19          FDCE (Prop_fdce_C_Q)         0.269     0.269 f  RegB/q_reg_reg[5]/Q
                         net (fo=39, routed)          2.353     2.622    RegB/Q[5]
    SLICE_X0Y26          LUT1 (Prop_lut1_I0_O)        0.053     2.675 r  RegB/result_reg[15]_i_43/O
                         net (fo=1, routed)           0.000     2.675    RegB/result_reg[15]_i_43_n_0
    SLICE_X0Y26          CARRY4 (Prop_carry4_S[1]_CO[3])
                                                      0.324     2.999 r  RegB/result_reg_reg[15]_i_27/CO[3]
                         net (fo=1, routed)           0.000     2.999    RegB/result_reg_reg[15]_i_27_n_0
    SLICE_X0Y27          CARRY4 (Prop_carry4_CI_CO[3])
                                                      0.058     3.057 r  RegB/result_reg_reg[15]_i_18/CO[3]
                         net (fo=1, routed)           0.000     3.057    RegB/result_reg_reg[15]_i_18_n_0
    SLICE_X0Y28          CARRY4 (Prop_carry4_CI_CO[3])
                                                      0.058     3.115 r  RegB/result_reg_reg[15]_i_13/CO[3]
                         net (fo=1, routed)           0.000     3.115    RegB/result_reg_reg[15]_i_13_n_0
    SLICE_X0Y29          CARRY4 (Prop_carry4_CI_CO[0])
                                                      0.179     3.294 r  RegB/result_reg_reg[15]_i_11/CO[0]
                         net (fo=20, routed)          0.904     4.198    ALU/result_reg_reg[14]_i_7_0[0]
    SLICE_X1Y25          LUT3 (Prop_lut3_I0_O)        0.157     4.355 r  ALU/result_reg[14]_i_28/O
                         net (fo=1, routed)           0.000     4.355    RegB/result_reg[13]_i_27[0]
    SLICE_X1Y25          CARRY4 (Prop_carry4_S[1]_CO[3])
                                                      0.324     4.679 r  RegB/result_reg_reg[14]_i_21/CO[3]
                         net (fo=1, routed)           0.000     4.679    RegB/result_reg_reg[14]_i_21_n_0
    SLICE_X1Y26          CARRY4 (Prop_carry4_CI_CO[3])
                                                      0.058     4.737 r  RegB/result_reg_reg[14]_i_16/CO[3]
                         net (fo=1, routed)           0.000     4.737    RegB/result_reg_reg[14]_i_16_n_0
    SLICE_X1Y27          CARRY4 (Prop_carry4_CI_CO[3])
                                                      0.058     4.795 r  RegB/result_reg_reg[14]_i_11/CO[3]
                         net (fo=1, routed)           0.000     4.795    RegB/result_reg_reg[14]_i_11_n_0
    SLICE_X1Y28          CARRY4 (Prop_carry4_CI_CO[3])
                                                      0.058     4.853 r  RegB/result_reg_reg[14]_i_8/CO[3]
                         net (fo=1, routed)           0.000     4.853    RegB/result_reg_reg[14]_i_8_n_0
    SLICE_X1Y29          CARRY4 (Prop_carry4_CI_CO[1])
                                                      0.094     4.947 r  RegB/result_reg_reg[14]_i_7/CO[1]
                         net (fo=20, routed)          0.827     5.775    ALU/result_reg_reg[13]_i_7_0[0]
    SLICE_X2Y25          LUT3 (Prop_lut3_I0_O)        0.152     5.927 r  ALU/result_reg[13]_i_28/O
                         net (fo=1, routed)           0.000     5.927    RegB/result_reg[12]_i_28[0]
    SLICE_X2Y25          CARRY4 (Prop_carry4_S[1]_CO[3])
                                                      0.310     6.237 r  RegB/result_reg_reg[13]_i_21/CO[3]
                         net (fo=1, routed)           0.000     6.237    RegB/result_reg_reg[13]_i_21_n_0
    SLICE_X2Y26          CARRY4 (Prop_carry4_CI_CO[3])
                                                      0.060     6.297 r  RegB/result_reg_reg[13]_i_16/CO[3]
                         net (fo=1, routed)           0.000     6.297    RegB/result_reg_reg[13]_i_16_n_0
    SLICE_X2Y27          CARRY4 (Prop_carry4_CI_CO[3])
                                                      0.060     6.357 r  RegB/result_reg_reg[13]_i_11/CO[3]
                         net (fo=1, routed)           0.000     6.357    RegB/result_reg_reg[13]_i_11_n_0
    SLICE_X2Y28          CARRY4 (Prop_carry4_CI_CO[3])
                                                      0.060     6.417 r  RegB/result_reg_reg[13]_i_8/CO[3]
                         net (fo=1, routed)           0.000     6.417    RegB/result_reg_reg[13]_i_8_n_0
    SLICE_X2Y29          CARRY4 (Prop_carry4_CI_CO[1])
                                                      0.093     6.510 r  RegB/result_reg_reg[13]_i_7/CO[1]
                         net (fo=20, routed)          1.177     7.687    ALU/result_reg_reg[12]_i_8_0[0]
    SLICE_X3Y23          LUT3 (Prop_lut3_I0_O)        0.153     7.840 r  ALU/result_reg[12]_i_29/O
                         net (fo=1, routed)           0.000     7.840    RegB/result_reg[11]_i_27[0]
    SLICE_X3Y23          CARRY4 (Prop_carry4_S[1]_CO[3])
                                                      0.324     8.164 r  RegB/result_reg_reg[12]_i_22/CO[3]
                         net (fo=1, routed)           0.000     8.164    RegB/result_reg_reg[12]_i_22_n_0
    SLICE_X3Y24          CARRY4 (Prop_carry4_CI_CO[3])
                                                      0.058     8.222 r  RegB/result_reg_reg[12]_i_17/CO[3]
                         net (fo=1, routed)           0.008     8.230    RegB/result_reg_reg[12]_i_17_n_0
    SLICE_X3Y25          CARRY4 (Prop_carry4_CI_CO[3])
                                                      0.058     8.288 r  RegB/result_reg_reg[12]_i_12/CO[3]
                         net (fo=1, routed)           0.000     8.288    RegB/result_reg_reg[12]_i_12_n_0
    SLICE_X3Y26          CARRY4 (Prop_carry4_CI_CO[3])
                                                      0.058     8.346 r  RegB/result_reg_reg[12]_i_9/CO[3]
                         net (fo=1, routed)           0.000     8.346    RegB/result_reg_reg[12]_i_9_n_0
    SLICE_X3Y27          CARRY4 (Prop_carry4_CI_CO[1])
                                                      0.094     8.440 r  RegB/result_reg_reg[12]_i_8/CO[1]
                         net (fo=20, routed)          0.974     9.414    ALU/result_reg_reg[11]_i_7_0[0]
    SLICE_X4Y23          LUT3 (Prop_lut3_I0_O)        0.152     9.566 r  ALU/result_reg[11]_i_24/O
                         net (fo=1, routed)           0.000     9.566    RegB/result_reg[10]_i_24[1]
    SLICE_X4Y23          CARRY4 (Prop_carry4_S[1]_CO[3])
                                                      0.324     9.890 r  RegB/result_reg_reg[11]_i_16/CO[3]
                         net (fo=1, routed)           0.000     9.890    RegB/result_reg_reg[11]_i_16_n_0
    SLICE_X4Y24          CARRY4 (Prop_carry4_CI_CO[3])
                                                      0.058     9.948 r  RegB/result_reg_reg[11]_i_11/CO[3]
                         net (fo=1, routed)           0.008     9.955    RegB/result_reg_reg[11]_i_11_n_0
    SLICE_X4Y25          CARRY4 (Prop_carry4_CI_CO[3])
                                                      0.058    10.013 r  RegB/result_reg_reg[11]_i_8/CO[3]
                         net (fo=1, routed)           0.000    10.013    RegB/result_reg_reg[11]_i_8_n_0
    SLICE_X4Y26          CARRY4 (Prop_carry4_CI_CO[1])
                                                      0.094    10.107 r  RegB/result_reg_reg[11]_i_7/CO[1]
                         net (fo=20, routed)          0.893    11.001    ALU/result_reg_reg[10]_i_7_0[0]
    SLICE_X5Y22          LUT3 (Prop_lut3_I0_O)        0.152    11.153 r  ALU/result_reg[10]_i_26/O
                         net (fo=1, routed)           0.000    11.153    RegB/result_reg[9]_i_27[2]
    SLICE_X5Y22          CARRY4 (Prop_carry4_S[3]_CO[3])
                                                      0.233    11.386 r  RegB/result_reg_reg[10]_i_21/CO[3]
                         net (fo=1, routed)           0.000    11.386    RegB/result_reg_reg[10]_i_21_n_0
    SLICE_X5Y23          CARRY4 (Prop_carry4_CI_CO[3])
                                                      0.058    11.444 r  RegB/result_reg_reg[10]_i_16/CO[3]
                         net (fo=1, routed)           0.000    11.444    RegB/result_reg_reg[10]_i_16_n_0
    SLICE_X5Y24          CARRY4 (Prop_carry4_CI_CO[3])
                                                      0.058    11.502 r  RegB/result_reg_reg[10]_i_11/CO[3]
                         net (fo=1, routed)           0.008    11.510    RegB/result_reg_reg[10]_i_11_n_0
    SLICE_X5Y25          CARRY4 (Prop_carry4_CI_CO[3])
                                                      0.058    11.568 r  RegB/result_reg_reg[10]_i_8/CO[3]
                         net (fo=1, routed)           0.000    11.568    RegB/result_reg_reg[10]_i_8_n_0
    SLICE_X5Y26          CARRY4 (Prop_carry4_CI_CO[1])
                                                      0.094    11.662 r  RegB/result_reg_reg[10]_i_7/CO[1]
                         net (fo=20, routed)          0.976    12.638    ALU/result_reg_reg[9]_i_7_0[0]
    SLICE_X7Y21          LUT3 (Prop_lut3_I0_O)        0.152    12.790 r  ALU/result_reg[9]_i_28/O
                         net (fo=1, routed)           0.000    12.790    RegB/result_reg[8]_i_28[0]
    SLICE_X7Y21          CARRY4 (Prop_carry4_S[1]_CO[3])
                                                      0.324    13.114 r  RegB/result_reg_reg[9]_i_21/CO[3]
                         net (fo=1, routed)           0.000    13.114    RegB/result_reg_reg[9]_i_21_n_0
    SLICE_X7Y22          CARRY4 (Prop_carry4_CI_CO[3])
                                                      0.058    13.172 r  RegB/result_reg_reg[9]_i_16/CO[3]
                         net (fo=1, routed)           0.000    13.172    RegB/result_reg_reg[9]_i_16_n_0
    SLICE_X7Y23          CARRY4 (Prop_carry4_CI_CO[3])
                                                      0.058    13.230 r  RegB/result_reg_reg[9]_i_11/CO[3]
                         net (fo=1, routed)           0.000    13.230    RegB/result_reg_reg[9]_i_11_n_0
    SLICE_X7Y24          CARRY4 (Prop_carry4_CI_CO[3])
                                                      0.058    13.288 r  RegB/result_reg_reg[9]_i_8/CO[3]
                         net (fo=1, routed)           0.008    13.296    RegB/result_reg_reg[9]_i_8_n_0
    SLICE_X7Y25          CARRY4 (Prop_carry4_CI_CO[1])
                                                      0.094    13.390 r  RegB/result_reg_reg[9]_i_7/CO[1]
                         net (fo=20, routed)          1.111    14.500    ALU/result_reg_reg[8]_i_8_0[0]
    SLICE_X6Y21          LUT3 (Prop_lut3_I0_O)        0.152    14.652 r  ALU/result_reg[8]_i_27/O
                         net (fo=1, routed)           0.000    14.652    RegB/result_reg[7]_i_27[2]
    SLICE_X6Y21          CARRY4 (Prop_carry4_S[3]_CO[3])
                                                      0.216    14.868 r  RegB/result_reg_reg[8]_i_22/CO[3]
                         net (fo=1, routed)           0.000    14.868    RegB/result_reg_reg[8]_i_22_n_0
    SLICE_X6Y22          CARRY4 (Prop_carry4_CI_CO[3])
                                                      0.060    14.928 r  RegB/result_reg_reg[8]_i_17/CO[3]
                         net (fo=1, routed)           0.000    14.928    RegB/result_reg_reg[8]_i_17_n_0
    SLICE_X6Y23          CARRY4 (Prop_carry4_CI_CO[3])
                                                      0.060    14.988 r  RegB/result_reg_reg[8]_i_12/CO[3]
                         net (fo=1, routed)           0.000    14.988    RegB/result_reg_reg[8]_i_12_n_0
    SLICE_X6Y24          CARRY4 (Prop_carry4_CI_CO[3])
                                                      0.060    15.048 r  RegB/result_reg_reg[8]_i_9/CO[3]
                         net (fo=1, routed)           0.008    15.056    RegB/result_reg_reg[8]_i_9_n_0
    SLICE_X6Y25          CARRY4 (Prop_carry4_CI_CO[1])
                                                      0.093    15.149 r  RegB/result_reg_reg[8]_i_8/CO[1]
                         net (fo=20, routed)          1.144    16.293    ALU/result_reg_reg[7]_i_7_0[0]
    SLICE_X9Y21          LUT3 (Prop_lut3_I0_O)        0.153    16.446 r  ALU/result_reg[7]_i_26/O
                         net (fo=1, routed)           0.000    16.446    RegB/result_reg[6]_i_27[2]
    SLICE_X9Y21          CARRY4 (Prop_carry4_S[3]_CO[3])
                                                      0.233    16.679 r  RegB/result_reg_reg[7]_i_21/CO[3]
                         net (fo=1, routed)           0.000    16.679    RegB/result_reg_reg[7]_i_21_n_0
    SLICE_X9Y22          CARRY4 (Prop_carry4_CI_CO[3])
                                                      0.058    16.737 r  RegB/result_reg_reg[7]_i_16/CO[3]
                         net (fo=1, routed)           0.000    16.737    RegB/result_reg_reg[7]_i_16_n_0
    SLICE_X9Y23          CARRY4 (Prop_carry4_CI_CO[3])
                                                      0.058    16.795 r  RegB/result_reg_reg[7]_i_11/CO[3]
                         net (fo=1, routed)           0.000    16.795    RegB/result_reg_reg[7]_i_11_n_0
    SLICE_X9Y24          CARRY4 (Prop_carry4_CI_CO[3])
                                                      0.058    16.853 r  RegB/result_reg_reg[7]_i_8/CO[3]
                         net (fo=1, routed)           0.008    16.861    RegB/result_reg_reg[7]_i_8_n_0
    SLICE_X9Y25          CARRY4 (Prop_carry4_CI_CO[1])
                                                      0.094    16.955 r  RegB/result_reg_reg[7]_i_7/CO[1]
                         net (fo=20, routed)          0.857    17.813    ALU/result_reg_reg[6]_i_7_0[0]
    SLICE_X8Y22          LUT3 (Prop_lut3_I0_O)        0.152    17.965 r  ALU/result_reg[6]_i_28/O
                         net (fo=1, routed)           0.000    17.965    RegB/result_reg[5]_i_27[0]
    SLICE_X8Y22          CARRY4 (Prop_carry4_S[1]_CO[3])
                                                      0.310    18.275 r  RegB/result_reg_reg[6]_i_21/CO[3]
                         net (fo=1, routed)           0.000    18.275    RegB/result_reg_reg[6]_i_21_n_0
    SLICE_X8Y23          CARRY4 (Prop_carry4_CI_CO[3])
                                                      0.060    18.335 r  RegB/result_reg_reg[6]_i_16/CO[3]
                         net (fo=1, routed)           0.000    18.335    RegB/result_reg_reg[6]_i_16_n_0
    SLICE_X8Y24          CARRY4 (Prop_carry4_CI_CO[3])
                                                      0.060    18.395 r  RegB/result_reg_reg[6]_i_11/CO[3]
                         net (fo=1, routed)           0.008    18.403    RegB/result_reg_reg[6]_i_11_n_0
    SLICE_X8Y25          CARRY4 (Prop_carry4_CI_CO[3])
                                                      0.060    18.463 r  RegB/result_reg_reg[6]_i_8/CO[3]
                         net (fo=1, routed)           0.000    18.463    RegB/result_reg_reg[6]_i_8_n_0
    SLICE_X8Y26          CARRY4 (Prop_carry4_CI_CO[1])
                                                      0.093    18.556 r  RegB/result_reg_reg[6]_i_7/CO[1]
                         net (fo=20, routed)          1.116    19.672    ALU/result_reg_reg[5]_i_7_0[0]
    SLICE_X10Y21         LUT3 (Prop_lut3_I0_O)        0.153    19.825 r  ALU/result_reg[5]_i_28/O
                         net (fo=1, routed)           0.000    19.825    RegB/result_reg[4]_i_28[0]
    SLICE_X10Y21         CARRY4 (Prop_carry4_S[1]_CO[3])
                                                      0.310    20.135 r  RegB/result_reg_reg[5]_i_21/CO[3]
                         net (fo=1, routed)           0.000    20.135    RegB/result_reg_reg[5]_i_21_n_0
    SLICE_X10Y22         CARRY4 (Prop_carry4_CI_CO[3])
                                                      0.060    20.195 r  RegB/result_reg_reg[5]_i_16/CO[3]
                         net (fo=1, routed)           0.000    20.195    RegB/result_reg_reg[5]_i_16_n_0
    SLICE_X10Y23         CARRY4 (Prop_carry4_CI_CO[3])
                                                      0.060    20.255 r  RegB/result_reg_reg[5]_i_11/CO[3]
                         net (fo=1, routed)           0.000    20.255    RegB/result_reg_reg[5]_i_11_n_0
    SLICE_X10Y24         CARRY4 (Prop_carry4_CI_CO[3])
                                                      0.060    20.315 r  RegB/result_reg_reg[5]_i_8/CO[3]
                         net (fo=1, routed)           0.008    20.323    RegB/result_reg_reg[5]_i_8_n_0
    SLICE_X10Y25         CARRY4 (Prop_carry4_CI_CO[1])
                                                      0.093    20.416 r  RegB/result_reg_reg[5]_i_7/CO[1]
                         net (fo=20, routed)          1.005    21.421    ALU/result_reg_reg[4]_i_8_0[0]
    SLICE_X12Y22         LUT3 (Prop_lut3_I0_O)        0.153    21.574 r  ALU/result_reg[4]_i_29/O
                         net (fo=1, routed)           0.000    21.574    RegB/result_reg[3]_i_27[0]
    SLICE_X12Y22         CARRY4 (Prop_carry4_S[1]_CO[3])
                                                      0.310    21.884 r  RegB/result_reg_reg[4]_i_22/CO[3]
                         net (fo=1, routed)           0.000    21.884    RegB/result_reg_reg[4]_i_22_n_0
    SLICE_X12Y23         CARRY4 (Prop_carry4_CI_CO[3])
                                                      0.060    21.944 r  RegB/result_reg_reg[4]_i_17/CO[3]
                         net (fo=1, routed)           0.000    21.944    RegB/result_reg_reg[4]_i_17_n_0
    SLICE_X12Y24         CARRY4 (Prop_carry4_CI_CO[3])
                                                      0.060    22.004 r  RegB/result_reg_reg[4]_i_12/CO[3]
                         net (fo=1, routed)           0.008    22.012    RegB/result_reg_reg[4]_i_12_n_0
    SLICE_X12Y25         CARRY4 (Prop_carry4_CI_CO[3])
                                                      0.060    22.072 r  RegB/result_reg_reg[4]_i_9/CO[3]
                         net (fo=1, routed)           0.000    22.072    RegB/result_reg_reg[4]_i_9_n_0
    SLICE_X12Y26         CARRY4 (Prop_carry4_CI_CO[1])
                                                      0.093    22.165 r  RegB/result_reg_reg[4]_i_8/CO[1]
                         net (fo=20, routed)          0.900    23.065    ALU/result_reg_reg[3]_i_7_0[0]
    SLICE_X13Y23         LUT3 (Prop_lut3_I0_O)        0.153    23.218 r  ALU/result_reg[3]_i_26/O
                         net (fo=1, routed)           0.000    23.218    RegB/result_reg[2]_i_27[2]
    SLICE_X13Y23         CARRY4 (Prop_carry4_S[3]_CO[3])
                                                      0.233    23.451 r  RegB/result_reg_reg[3]_i_21/CO[3]
                         net (fo=1, routed)           0.000    23.451    RegB/result_reg_reg[3]_i_21_n_0
    SLICE_X13Y24         CARRY4 (Prop_carry4_CI_CO[3])
                                                      0.058    23.509 r  RegB/result_reg_reg[3]_i_16/CO[3]
                         net (fo=1, routed)           0.008    23.517    RegB/result_reg_reg[3]_i_16_n_0
    SLICE_X13Y25         CARRY4 (Prop_carry4_CI_CO[3])
                                                      0.058    23.575 r  RegB/result_reg_reg[3]_i_11/CO[3]
                         net (fo=1, routed)           0.000    23.575    RegB/result_reg_reg[3]_i_11_n_0
    SLICE_X13Y26         CARRY4 (Prop_carry4_CI_CO[3])
                                                      0.058    23.633 r  RegB/result_reg_reg[3]_i_8/CO[3]
                         net (fo=1, routed)           0.000    23.633    RegB/result_reg_reg[3]_i_8_n_0
    SLICE_X13Y27         CARRY4 (Prop_carry4_CI_CO[1])
                                                      0.094    23.727 r  RegB/result_reg_reg[3]_i_7/CO[1]
                         net (fo=20, routed)          1.219    24.946    ALU/result_reg_reg[2]_i_7_0[0]
    SLICE_X11Y21         LUT3 (Prop_lut3_I0_O)        0.152    25.098 r  ALU/result_reg[2]_i_26/O
                         net (fo=1, routed)           0.000    25.098    RegB/result_reg[1]_i_27[2]
    SLICE_X11Y21         CARRY4 (Prop_carry4_S[3]_CO[3])
                                                      0.233    25.331 r  RegB/result_reg_reg[2]_i_21/CO[3]
                         net (fo=1, routed)           0.000    25.331    RegB/result_reg_reg[2]_i_21_n_0
    SLICE_X11Y22         CARRY4 (Prop_carry4_CI_CO[3])
                                                      0.058    25.389 r  RegB/result_reg_reg[2]_i_16/CO[3]
                         net (fo=1, routed)           0.000    25.389    RegB/result_reg_reg[2]_i_16_n_0
    SLICE_X11Y23         CARRY4 (Prop_carry4_CI_CO[3])
                                                      0.058    25.447 r  RegB/result_reg_reg[2]_i_11/CO[3]
                         net (fo=1, routed)           0.000    25.447    RegB/result_reg_reg[2]_i_11_n_0
    SLICE_X11Y24         CARRY4 (Prop_carry4_CI_CO[3])
                                                      0.058    25.505 r  RegB/result_reg_reg[2]_i_8/CO[3]
                         net (fo=1, routed)           0.008    25.513    RegB/result_reg_reg[2]_i_8_n_0
    SLICE_X11Y25         CARRY4 (Prop_carry4_CI_CO[1])
                                                      0.094    25.607 r  RegB/result_reg_reg[2]_i_7/CO[1]
                         net (fo=20, routed)          1.024    26.630    RegB/q_reg_reg[15]_2[1]
    SLICE_X5Y16          LUT4 (Prop_lut4_I0_O)        0.152    26.782 r  RegB/result_reg[2]_i_6/O
                         net (fo=1, routed)           0.000    26.782    IR/result_reg_reg[2]_1
    SLICE_X5Y16          MUXF7 (Prop_muxf7_I1_O)      0.129    26.911 r  IR/result_reg_reg[2]_i_4/O
                         net (fo=1, routed)           0.590    27.501    IR/result_reg_reg[2]_i_4_n_0
    SLICE_X3Y15          LUT5 (Prop_lut5_I3_O)        0.153    27.654 r  IR/result_reg[2]_i_1/O
                         net (fo=1, routed)           0.000    27.654    ALU/D[2]
    SLICE_X3Y15          FDRE                                         r  ALU/result_reg_reg[2]/D
  -------------------------------------------------------------------    -------------------

Slack:                    inf
  Source:                 RegB/q_reg_reg[5]/C
                            (rising edge-triggered cell FDCE)
  Destination:            ALU/result_reg_reg[3]/D
  Path Group:             (none)
  Path Type:              Max at Slow Process Corner
  Data Path Delay:        26.075ns  (logic 9.843ns (37.749%)  route 16.232ns (62.251%))
  Logic Levels:           80  (CARRY4=63 FDCE=1 LUT1=1 LUT3=12 LUT4=1 LUT5=1 MUXF7=1)

    Location             Delay type                Incr(ns)  Path(ns)    Netlist Resource(s)
  -------------------------------------------------------------------    -------------------
    SLICE_X1Y19          FDCE                         0.000     0.000 r  RegB/q_reg_reg[5]/C
    SLICE_X1Y19          FDCE (Prop_fdce_C_Q)         0.269     0.269 f  RegB/q_reg_reg[5]/Q
                         net (fo=39, routed)          2.353     2.622    RegB/Q[5]
    SLICE_X0Y26          LUT1 (Prop_lut1_I0_O)        0.053     2.675 r  RegB/result_reg[15]_i_43/O
                         net (fo=1, routed)           0.000     2.675    RegB/result_reg[15]_i_43_n_0
    SLICE_X0Y26          CARRY4 (Prop_carry4_S[1]_CO[3])
                                                      0.324     2.999 r  RegB/result_reg_reg[15]_i_27/CO[3]
                         net (fo=1, routed)           0.000     2.999    RegB/result_reg_reg[15]_i_27_n_0
    SLICE_X0Y27          CARRY4 (Prop_carry4_CI_CO[3])
                                                      0.058     3.057 r  RegB/result_reg_reg[15]_i_18/CO[3]
                         net (fo=1, routed)           0.000     3.057    RegB/result_reg_reg[15]_i_18_n_0
    SLICE_X0Y28          CARRY4 (Prop_carry4_CI_CO[3])
                                                      0.058     3.115 r  RegB/result_reg_reg[15]_i_13/CO[3]
                         net (fo=1, routed)           0.000     3.115    RegB/result_reg_reg[15]_i_13_n_0
    SLICE_X0Y29          CARRY4 (Prop_carry4_CI_CO[0])
                                                      0.179     3.294 r  RegB/result_reg_reg[15]_i_11/CO[0]
                         net (fo=20, routed)          0.904     4.198    ALU/result_reg_reg[14]_i_7_0[0]
    SLICE_X1Y25          LUT3 (Prop_lut3_I0_O)        0.157     4.355 r  ALU/result_reg[14]_i_28/O
                         net (fo=1, routed)           0.000     4.355    RegB/result_reg[13]_i_27[0]
    SLICE_X1Y25          CARRY4 (Prop_carry4_S[1]_CO[3])
                                                      0.324     4.679 r  RegB/result_reg_reg[14]_i_21/CO[3]
                         net (fo=1, routed)           0.000     4.679    RegB/result_reg_reg[14]_i_21_n_0
    SLICE_X1Y26          CARRY4 (Prop_carry4_CI_CO[3])
                                                      0.058     4.737 r  RegB/result_reg_reg[14]_i_16/CO[3]
                         net (fo=1, routed)           0.000     4.737    RegB/result_reg_reg[14]_i_16_n_0
    SLICE_X1Y27          CARRY4 (Prop_carry4_CI_CO[3])
                                                      0.058     4.795 r  RegB/result_reg_reg[14]_i_11/CO[3]
                         net (fo=1, routed)           0.000     4.795    RegB/result_reg_reg[14]_i_11_n_0
    SLICE_X1Y28          CARRY4 (Prop_carry4_CI_CO[3])
                                                      0.058     4.853 r  RegB/result_reg_reg[14]_i_8/CO[3]
                         net (fo=1, routed)           0.000     4.853    RegB/result_reg_reg[14]_i_8_n_0
    SLICE_X1Y29          CARRY4 (Prop_carry4_CI_CO[1])
                                                      0.094     4.947 r  RegB/result_reg_reg[14]_i_7/CO[1]
                         net (fo=20, routed)          0.827     5.775    ALU/result_reg_reg[13]_i_7_0[0]
    SLICE_X2Y25          LUT3 (Prop_lut3_I0_O)        0.152     5.927 r  ALU/result_reg[13]_i_28/O
                         net (fo=1, routed)           0.000     5.927    RegB/result_reg[12]_i_28[0]
    SLICE_X2Y25          CARRY4 (Prop_carry4_S[1]_CO[3])
                                                      0.310     6.237 r  RegB/result_reg_reg[13]_i_21/CO[3]
                         net (fo=1, routed)           0.000     6.237    RegB/result_reg_reg[13]_i_21_n_0
    SLICE_X2Y26          CARRY4 (Prop_carry4_CI_CO[3])
                                                      0.060     6.297 r  RegB/result_reg_reg[13]_i_16/CO[3]
                         net (fo=1, routed)           0.000     6.297    RegB/result_reg_reg[13]_i_16_n_0
    SLICE_X2Y27          CARRY4 (Prop_carry4_CI_CO[3])
                                                      0.060     6.357 r  RegB/result_reg_reg[13]_i_11/CO[3]
                         net (fo=1, routed)           0.000     6.357    RegB/result_reg_reg[13]_i_11_n_0
    SLICE_X2Y28          CARRY4 (Prop_carry4_CI_CO[3])
                                                      0.060     6.417 r  RegB/result_reg_reg[13]_i_8/CO[3]
                         net (fo=1, routed)           0.000     6.417    RegB/result_reg_reg[13]_i_8_n_0
    SLICE_X2Y29          CARRY4 (Prop_carry4_CI_CO[1])
                                                      0.093     6.510 r  RegB/result_reg_reg[13]_i_7/CO[1]
                         net (fo=20, routed)          1.177     7.687    ALU/result_reg_reg[12]_i_8_0[0]
    SLICE_X3Y23          LUT3 (Prop_lut3_I0_O)        0.153     7.840 r  ALU/result_reg[12]_i_29/O
                         net (fo=1, routed)           0.000     7.840    RegB/result_reg[11]_i_27[0]
    SLICE_X3Y23          CARRY4 (Prop_carry4_S[1]_CO[3])
                                                      0.324     8.164 r  RegB/result_reg_reg[12]_i_22/CO[3]
                         net (fo=1, routed)           0.000     8.164    RegB/result_reg_reg[12]_i_22_n_0
    SLICE_X3Y24          CARRY4 (Prop_carry4_CI_CO[3])
                                                      0.058     8.222 r  RegB/result_reg_reg[12]_i_17/CO[3]
                         net (fo=1, routed)           0.008     8.230    RegB/result_reg_reg[12]_i_17_n_0
    SLICE_X3Y25          CARRY4 (Prop_carry4_CI_CO[3])
                                                      0.058     8.288 r  RegB/result_reg_reg[12]_i_12/CO[3]
                         net (fo=1, routed)           0.000     8.288    RegB/result_reg_reg[12]_i_12_n_0
    SLICE_X3Y26          CARRY4 (Prop_carry4_CI_CO[3])
                                                      0.058     8.346 r  RegB/result_reg_reg[12]_i_9/CO[3]
                         net (fo=1, routed)           0.000     8.346    RegB/result_reg_reg[12]_i_9_n_0
    SLICE_X3Y27          CARRY4 (Prop_carry4_CI_CO[1])
                                                      0.094     8.440 r  RegB/result_reg_reg[12]_i_8/CO[1]
                         net (fo=20, routed)          0.974     9.414    ALU/result_reg_reg[11]_i_7_0[0]
    SLICE_X4Y23          LUT3 (Prop_lut3_I0_O)        0.152     9.566 r  ALU/result_reg[11]_i_24/O
                         net (fo=1, routed)           0.000     9.566    RegB/result_reg[10]_i_24[1]
    SLICE_X4Y23          CARRY4 (Prop_carry4_S[1]_CO[3])
                                                      0.324     9.890 r  RegB/result_reg_reg[11]_i_16/CO[3]
                         net (fo=1, routed)           0.000     9.890    RegB/result_reg_reg[11]_i_16_n_0
    SLICE_X4Y24          CARRY4 (Prop_carry4_CI_CO[3])
                                                      0.058     9.948 r  RegB/result_reg_reg[11]_i_11/CO[3]
                         net (fo=1, routed)           0.008     9.955    RegB/result_reg_reg[11]_i_11_n_0
    SLICE_X4Y25          CARRY4 (Prop_carry4_CI_CO[3])
                                                      0.058    10.013 r  RegB/result_reg_reg[11]_i_8/CO[3]
                         net (fo=1, routed)           0.000    10.013    RegB/result_reg_reg[11]_i_8_n_0
    SLICE_X4Y26          CARRY4 (Prop_carry4_CI_CO[1])
                                                      0.094    10.107 r  RegB/result_reg_reg[11]_i_7/CO[1]
                         net (fo=20, routed)          0.893    11.001    ALU/result_reg_reg[10]_i_7_0[0]
    SLICE_X5Y22          LUT3 (Prop_lut3_I0_O)        0.152    11.153 r  ALU/result_reg[10]_i_26/O
                         net (fo=1, routed)           0.000    11.153    RegB/result_reg[9]_i_27[2]
    SLICE_X5Y22          CARRY4 (Prop_carry4_S[3]_CO[3])
                                                      0.233    11.386 r  RegB/result_reg_reg[10]_i_21/CO[3]
                         net (fo=1, routed)           0.000    11.386    RegB/result_reg_reg[10]_i_21_n_0
    SLICE_X5Y23          CARRY4 (Prop_carry4_CI_CO[3])
                                                      0.058    11.444 r  RegB/result_reg_reg[10]_i_16/CO[3]
                         net (fo=1, routed)           0.000    11.444    RegB/result_reg_reg[10]_i_16_n_0
    SLICE_X5Y24          CARRY4 (Prop_carry4_CI_CO[3])
                                                      0.058    11.502 r  RegB/result_reg_reg[10]_i_11/CO[3]
                         net (fo=1, routed)           0.008    11.510    RegB/result_reg_reg[10]_i_11_n_0
    SLICE_X5Y25          CARRY4 (Prop_carry4_CI_CO[3])
                                                      0.058    11.568 r  RegB/result_reg_reg[10]_i_8/CO[3]
                         net (fo=1, routed)           0.000    11.568    RegB/result_reg_reg[10]_i_8_n_0
    SLICE_X5Y26          CARRY4 (Prop_carry4_CI_CO[1])
                                                      0.094    11.662 r  RegB/result_reg_reg[10]_i_7/CO[1]
                         net (fo=20, routed)          0.976    12.638    ALU/result_reg_reg[9]_i_7_0[0]
    SLICE_X7Y21          LUT3 (Prop_lut3_I0_O)        0.152    12.790 r  ALU/result_reg[9]_i_28/O
                         net (fo=1, routed)           0.000    12.790    RegB/result_reg[8]_i_28[0]
    SLICE_X7Y21          CARRY4 (Prop_carry4_S[1]_CO[3])
                                                      0.324    13.114 r  RegB/result_reg_reg[9]_i_21/CO[3]
                         net (fo=1, routed)           0.000    13.114    RegB/result_reg_reg[9]_i_21_n_0
    SLICE_X7Y22          CARRY4 (Prop_carry4_CI_CO[3])
                                                      0.058    13.172 r  RegB/result_reg_reg[9]_i_16/CO[3]
                         net (fo=1, routed)           0.000    13.172    RegB/result_reg_reg[9]_i_16_n_0
    SLICE_X7Y23          CARRY4 (Prop_carry4_CI_CO[3])
                                                      0.058    13.230 r  RegB/result_reg_reg[9]_i_11/CO[3]
                         net (fo=1, routed)           0.000    13.230    RegB/result_reg_reg[9]_i_11_n_0
    SLICE_X7Y24          CARRY4 (Prop_carry4_CI_CO[3])
                                                      0.058    13.288 r  RegB/result_reg_reg[9]_i_8/CO[3]
                         net (fo=1, routed)           0.008    13.296    RegB/result_reg_reg[9]_i_8_n_0
    SLICE_X7Y25          CARRY4 (Prop_carry4_CI_CO[1])
                                                      0.094    13.390 r  RegB/result_reg_reg[9]_i_7/CO[1]
                         net (fo=20, routed)          1.111    14.500    ALU/result_reg_reg[8]_i_8_0[0]
    SLICE_X6Y21          LUT3 (Prop_lut3_I0_O)        0.152    14.652 r  ALU/result_reg[8]_i_27/O
                         net (fo=1, routed)           0.000    14.652    RegB/result_reg[7]_i_27[2]
    SLICE_X6Y21          CARRY4 (Prop_carry4_S[3]_CO[3])
                                                      0.216    14.868 r  RegB/result_reg_reg[8]_i_22/CO[3]
                         net (fo=1, routed)           0.000    14.868    RegB/result_reg_reg[8]_i_22_n_0
    SLICE_X6Y22          CARRY4 (Prop_carry4_CI_CO[3])
                                                      0.060    14.928 r  RegB/result_reg_reg[8]_i_17/CO[3]
                         net (fo=1, routed)           0.000    14.928    RegB/result_reg_reg[8]_i_17_n_0
    SLICE_X6Y23          CARRY4 (Prop_carry4_CI_CO[3])
                                                      0.060    14.988 r  RegB/result_reg_reg[8]_i_12/CO[3]
                         net (fo=1, routed)           0.000    14.988    RegB/result_reg_reg[8]_i_12_n_0
    SLICE_X6Y24          CARRY4 (Prop_carry4_CI_CO[3])
                                                      0.060    15.048 r  RegB/result_reg_reg[8]_i_9/CO[3]
                         net (fo=1, routed)           0.008    15.056    RegB/result_reg_reg[8]_i_9_n_0
    SLICE_X6Y25          CARRY4 (Prop_carry4_CI_CO[1])
                                                      0.093    15.149 r  RegB/result_reg_reg[8]_i_8/CO[1]
                         net (fo=20, routed)          1.144    16.293    ALU/result_reg_reg[7]_i_7_0[0]
    SLICE_X9Y21          LUT3 (Prop_lut3_I0_O)        0.153    16.446 r  ALU/result_reg[7]_i_26/O
                         net (fo=1, routed)           0.000    16.446    RegB/result_reg[6]_i_27[2]
    SLICE_X9Y21          CARRY4 (Prop_carry4_S[3]_CO[3])
                                                      0.233    16.679 r  RegB/result_reg_reg[7]_i_21/CO[3]
                         net (fo=1, routed)           0.000    16.679    RegB/result_reg_reg[7]_i_21_n_0
    SLICE_X9Y22          CARRY4 (Prop_carry4_CI_CO[3])
                                                      0.058    16.737 r  RegB/result_reg_reg[7]_i_16/CO[3]
                         net (fo=1, routed)           0.000    16.737    RegB/result_reg_reg[7]_i_16_n_0
    SLICE_X9Y23          CARRY4 (Prop_carry4_CI_CO[3])
                                                      0.058    16.795 r  RegB/result_reg_reg[7]_i_11/CO[3]
                         net (fo=1, routed)           0.000    16.795    RegB/result_reg_reg[7]_i_11_n_0
    SLICE_X9Y24          CARRY4 (Prop_carry4_CI_CO[3])
                                                      0.058    16.853 r  RegB/result_reg_reg[7]_i_8/CO[3]
                         net (fo=1, routed)           0.008    16.861    RegB/result_reg_reg[7]_i_8_n_0
    SLICE_X9Y25          CARRY4 (Prop_carry4_CI_CO[1])
                                                      0.094    16.955 r  RegB/result_reg_reg[7]_i_7/CO[1]
                         net (fo=20, routed)          0.857    17.813    ALU/result_reg_reg[6]_i_7_0[0]
    SLICE_X8Y22          LUT3 (Prop_lut3_I0_O)        0.152    17.965 r  ALU/result_reg[6]_i_28/O
                         net (fo=1, routed)           0.000    17.965    RegB/result_reg[5]_i_27[0]
    SLICE_X8Y22          CARRY4 (Prop_carry4_S[1]_CO[3])
                                                      0.310    18.275 r  RegB/result_reg_reg[6]_i_21/CO[3]
                         net (fo=1, routed)           0.000    18.275    RegB/result_reg_reg[6]_i_21_n_0
    SLICE_X8Y23          CARRY4 (Prop_carry4_CI_CO[3])
                                                      0.060    18.335 r  RegB/result_reg_reg[6]_i_16/CO[3]
                         net (fo=1, routed)           0.000    18.335    RegB/result_reg_reg[6]_i_16_n_0
    SLICE_X8Y24          CARRY4 (Prop_carry4_CI_CO[3])
                                                      0.060    18.395 r  RegB/result_reg_reg[6]_i_11/CO[3]
                         net (fo=1, routed)           0.008    18.403    RegB/result_reg_reg[6]_i_11_n_0
    SLICE_X8Y25          CARRY4 (Prop_carry4_CI_CO[3])
                                                      0.060    18.463 r  RegB/result_reg_reg[6]_i_8/CO[3]
                         net (fo=1, routed)           0.000    18.463    RegB/result_reg_reg[6]_i_8_n_0
    SLICE_X8Y26          CARRY4 (Prop_carry4_CI_CO[1])
                                                      0.093    18.556 r  RegB/result_reg_reg[6]_i_7/CO[1]
                         net (fo=20, routed)          1.116    19.672    ALU/result_reg_reg[5]_i_7_0[0]
    SLICE_X10Y21         LUT3 (Prop_lut3_I0_O)        0.153    19.825 r  ALU/result_reg[5]_i_28/O
                         net (fo=1, routed)           0.000    19.825    RegB/result_reg[4]_i_28[0]
    SLICE_X10Y21         CARRY4 (Prop_carry4_S[1]_CO[3])
                                                      0.310    20.135 r  RegB/result_reg_reg[5]_i_21/CO[3]
                         net (fo=1, routed)           0.000    20.135    RegB/result_reg_reg[5]_i_21_n_0
    SLICE_X10Y22         CARRY4 (Prop_carry4_CI_CO[3])
                                                      0.060    20.195 r  RegB/result_reg_reg[5]_i_16/CO[3]
                         net (fo=1, routed)           0.000    20.195    RegB/result_reg_reg[5]_i_16_n_0
    SLICE_X10Y23         CARRY4 (Prop_carry4_CI_CO[3])
                                                      0.060    20.255 r  RegB/result_reg_reg[5]_i_11/CO[3]
                         net (fo=1, routed)           0.000    20.255    RegB/result_reg_reg[5]_i_11_n_0
    SLICE_X10Y24         CARRY4 (Prop_carry4_CI_CO[3])
                                                      0.060    20.315 r  RegB/result_reg_reg[5]_i_8/CO[3]
                         net (fo=1, routed)           0.008    20.323    RegB/result_reg_reg[5]_i_8_n_0
    SLICE_X10Y25         CARRY4 (Prop_carry4_CI_CO[1])
                                                      0.093    20.416 r  RegB/result_reg_reg[5]_i_7/CO[1]
                         net (fo=20, routed)          1.005    21.421    ALU/result_reg_reg[4]_i_8_0[0]
    SLICE_X12Y22         LUT3 (Prop_lut3_I0_O)        0.153    21.574 r  ALU/result_reg[4]_i_29/O
                         net (fo=1, routed)           0.000    21.574    RegB/result_reg[3]_i_27[0]
    SLICE_X12Y22         CARRY4 (Prop_carry4_S[1]_CO[3])
                                                      0.310    21.884 r  RegB/result_reg_reg[4]_i_22/CO[3]
                         net (fo=1, routed)           0.000    21.884    RegB/result_reg_reg[4]_i_22_n_0
    SLICE_X12Y23         CARRY4 (Prop_carry4_CI_CO[3])
                                                      0.060    21.944 r  RegB/result_reg_reg[4]_i_17/CO[3]
                         net (fo=1, routed)           0.000    21.944    RegB/result_reg_reg[4]_i_17_n_0
    SLICE_X12Y24         CARRY4 (Prop_carry4_CI_CO[3])
                                                      0.060    22.004 r  RegB/result_reg_reg[4]_i_12/CO[3]
                         net (fo=1, routed)           0.008    22.012    RegB/result_reg_reg[4]_i_12_n_0
    SLICE_X12Y25         CARRY4 (Prop_carry4_CI_CO[3])
                                                      0.060    22.072 r  RegB/result_reg_reg[4]_i_9/CO[3]
                         net (fo=1, routed)           0.000    22.072    RegB/result_reg_reg[4]_i_9_n_0
    SLICE_X12Y26         CARRY4 (Prop_carry4_CI_CO[1])
                                                      0.093    22.165 r  RegB/result_reg_reg[4]_i_8/CO[1]
                         net (fo=20, routed)          0.900    23.065    ALU/result_reg_reg[3]_i_7_0[0]
    SLICE_X13Y23         LUT3 (Prop_lut3_I0_O)        0.153    23.218 r  ALU/result_reg[3]_i_26/O
                         net (fo=1, routed)           0.000    23.218    RegB/result_reg[2]_i_27[2]
    SLICE_X13Y23         CARRY4 (Prop_carry4_S[3]_CO[3])
                                                      0.233    23.451 r  RegB/result_reg_reg[3]_i_21/CO[3]
                         net (fo=1, routed)           0.000    23.451    RegB/result_reg_reg[3]_i_21_n_0
    SLICE_X13Y24         CARRY4 (Prop_carry4_CI_CO[3])
                                                      0.058    23.509 r  RegB/result_reg_reg[3]_i_16/CO[3]
                         net (fo=1, routed)           0.008    23.517    RegB/result_reg_reg[3]_i_16_n_0
    SLICE_X13Y25         CARRY4 (Prop_carry4_CI_CO[3])
                                                      0.058    23.575 r  RegB/result_reg_reg[3]_i_11/CO[3]
                         net (fo=1, routed)           0.000    23.575    RegB/result_reg_reg[3]_i_11_n_0
    SLICE_X13Y26         CARRY4 (Prop_carry4_CI_CO[3])
                                                      0.058    23.633 r  RegB/result_reg_reg[3]_i_8/CO[3]
                         net (fo=1, routed)           0.000    23.633    RegB/result_reg_reg[3]_i_8_n_0
    SLICE_X13Y27         CARRY4 (Prop_carry4_CI_CO[1])
                                                      0.094    23.727 r  RegB/result_reg_reg[3]_i_7/CO[1]
                         net (fo=20, routed)          1.245    24.972    RegB/q_reg_reg[15]_3[1]
    SLICE_X7Y17          LUT4 (Prop_lut4_I0_O)        0.152    25.124 r  RegB/result_reg[3]_i_6/O
                         net (fo=1, routed)           0.000    25.124    IR/result_reg_reg[3]_1
    SLICE_X7Y17          MUXF7 (Prop_muxf7_I1_O)      0.129    25.253 r  IR/result_reg_reg[3]_i_4/O
                         net (fo=1, routed)           0.669    25.922    IR/result_reg_reg[3]_i_4_n_0
    SLICE_X3Y16          LUT5 (Prop_lut5_I3_O)        0.153    26.075 r  IR/result_reg[3]_i_1/O
                         net (fo=1, routed)           0.000    26.075    ALU/D[3]
    SLICE_X3Y16          FDRE                                         r  ALU/result_reg_reg[3]/D
  -------------------------------------------------------------------    -------------------

Slack:                    inf
  Source:                 RegB/q_reg_reg[5]/C
                            (rising edge-triggered cell FDCE)
  Destination:            ALU/result_reg_reg[4]/D
  Path Group:             (none)
  Path Type:              Max at Slow Process Corner
  Data Path Delay:        24.277ns  (logic 9.204ns (37.913%)  route 15.073ns (62.087%))
  Logic Levels:           74  (CARRY4=58 FDCE=1 LUT1=1 LUT3=11 LUT4=1 LUT5=1 MUXF7=1)

    Location             Delay type                Incr(ns)  Path(ns)    Netlist Resource(s)
  -------------------------------------------------------------------    -------------------
    SLICE_X1Y19          FDCE                         0.000     0.000 r  RegB/q_reg_reg[5]/C
    SLICE_X1Y19          FDCE (Prop_fdce_C_Q)         0.269     0.269 f  RegB/q_reg_reg[5]/Q
                         net (fo=39, routed)          2.353     2.622    RegB/Q[5]
    SLICE_X0Y26          LUT1 (Prop_lut1_I0_O)        0.053     2.675 r  RegB/result_reg[15]_i_43/O
                         net (fo=1, routed)           0.000     2.675    RegB/result_reg[15]_i_43_n_0
    SLICE_X0Y26          CARRY4 (Prop_carry4_S[1]_CO[3])
                                                      0.324     2.999 r  RegB/result_reg_reg[15]_i_27/CO[3]
                         net (fo=1, routed)           0.000     2.999    RegB/result_reg_reg[15]_i_27_n_0
    SLICE_X0Y27          CARRY4 (Prop_carry4_CI_CO[3])
                                                      0.058     3.057 r  RegB/result_reg_reg[15]_i_18/CO[3]
                         net (fo=1, routed)           0.000     3.057    RegB/result_reg_reg[15]_i_18_n_0
    SLICE_X0Y28          CARRY4 (Prop_carry4_CI_CO[3])
                                                      0.058     3.115 r  RegB/result_reg_reg[15]_i_13/CO[3]
                         net (fo=1, routed)           0.000     3.115    RegB/result_reg_reg[15]_i_13_n_0
    SLICE_X0Y29          CARRY4 (Prop_carry4_CI_CO[0])
                                                      0.179     3.294 r  RegB/result_reg_reg[15]_i_11/CO[0]
                         net (fo=20, routed)          0.904     4.198    ALU/result_reg_reg[14]_i_7_0[0]
    SLICE_X1Y25          LUT3 (Prop_lut3_I0_O)        0.157     4.355 r  ALU/result_reg[14]_i_28/O
                         net (fo=1, routed)           0.000     4.355    RegB/result_reg[13]_i_27[0]
    SLICE_X1Y25          CARRY4 (Prop_carry4_S[1]_CO[3])
                                                      0.324     4.679 r  RegB/result_reg_reg[14]_i_21/CO[3]
                         net (fo=1, routed)           0.000     4.679    RegB/result_reg_reg[14]_i_21_n_0
    SLICE_X1Y26          CARRY4 (Prop_carry4_CI_CO[3])
                                                      0.058     4.737 r  RegB/result_reg_reg[14]_i_16/CO[3]
                         net (fo=1, routed)           0.000     4.737    RegB/result_reg_reg[14]_i_16_n_0
    SLICE_X1Y27          CARRY4 (Prop_carry4_CI_CO[3])
                                                      0.058     4.795 r  RegB/result_reg_reg[14]_i_11/CO[3]
                         net (fo=1, routed)           0.000     4.795    RegB/result_reg_reg[14]_i_11_n_0
    SLICE_X1Y28          CARRY4 (Prop_carry4_CI_CO[3])
                                                      0.058     4.853 r  RegB/result_reg_reg[14]_i_8/CO[3]
                         net (fo=1, routed)           0.000     4.853    RegB/result_reg_reg[14]_i_8_n_0
    SLICE_X1Y29          CARRY4 (Prop_carry4_CI_CO[1])
                                                      0.094     4.947 r  RegB/result_reg_reg[14]_i_7/CO[1]
                         net (fo=20, routed)          0.827     5.775    ALU/result_reg_reg[13]_i_7_0[0]
    SLICE_X2Y25          LUT3 (Prop_lut3_I0_O)        0.152     5.927 r  ALU/result_reg[13]_i_28/O
                         net (fo=1, routed)           0.000     5.927    RegB/result_reg[12]_i_28[0]
    SLICE_X2Y25          CARRY4 (Prop_carry4_S[1]_CO[3])
                                                      0.310     6.237 r  RegB/result_reg_reg[13]_i_21/CO[3]
                         net (fo=1, routed)           0.000     6.237    RegB/result_reg_reg[13]_i_21_n_0
    SLICE_X2Y26          CARRY4 (Prop_carry4_CI_CO[3])
                                                      0.060     6.297 r  RegB/result_reg_reg[13]_i_16/CO[3]
                         net (fo=1, routed)           0.000     6.297    RegB/result_reg_reg[13]_i_16_n_0
    SLICE_X2Y27          CARRY4 (Prop_carry4_CI_CO[3])
                                                      0.060     6.357 r  RegB/result_reg_reg[13]_i_11/CO[3]
                         net (fo=1, routed)           0.000     6.357    RegB/result_reg_reg[13]_i_11_n_0
    SLICE_X2Y28          CARRY4 (Prop_carry4_CI_CO[3])
                                                      0.060     6.417 r  RegB/result_reg_reg[13]_i_8/CO[3]
                         net (fo=1, routed)           0.000     6.417    RegB/result_reg_reg[13]_i_8_n_0
    SLICE_X2Y29          CARRY4 (Prop_carry4_CI_CO[1])
                                                      0.093     6.510 r  RegB/result_reg_reg[13]_i_7/CO[1]
                         net (fo=20, routed)          1.177     7.687    ALU/result_reg_reg[12]_i_8_0[0]
    SLICE_X3Y23          LUT3 (Prop_lut3_I0_O)        0.153     7.840 r  ALU/result_reg[12]_i_29/O
                         net (fo=1, routed)           0.000     7.840    RegB/result_reg[11]_i_27[0]
    SLICE_X3Y23          CARRY4 (Prop_carry4_S[1]_CO[3])
                                                      0.324     8.164 r  RegB/result_reg_reg[12]_i_22/CO[3]
                         net (fo=1, routed)           0.000     8.164    RegB/result_reg_reg[12]_i_22_n_0
    SLICE_X3Y24          CARRY4 (Prop_carry4_CI_CO[3])
                                                      0.058     8.222 r  RegB/result_reg_reg[12]_i_17/CO[3]
                         net (fo=1, routed)           0.008     8.230    RegB/result_reg_reg[12]_i_17_n_0
    SLICE_X3Y25          CARRY4 (Prop_carry4_CI_CO[3])
                                                      0.058     8.288 r  RegB/result_reg_reg[12]_i_12/CO[3]
                         net (fo=1, routed)           0.000     8.288    RegB/result_reg_reg[12]_i_12_n_0
    SLICE_X3Y26          CARRY4 (Prop_carry4_CI_CO[3])
                                                      0.058     8.346 r  RegB/result_reg_reg[12]_i_9/CO[3]
                         net (fo=1, routed)           0.000     8.346    RegB/result_reg_reg[12]_i_9_n_0
    SLICE_X3Y27          CARRY4 (Prop_carry4_CI_CO[1])
                                                      0.094     8.440 r  RegB/result_reg_reg[12]_i_8/CO[1]
                         net (fo=20, routed)          0.974     9.414    ALU/result_reg_reg[11]_i_7_0[0]
    SLICE_X4Y23          LUT3 (Prop_lut3_I0_O)        0.152     9.566 r  ALU/result_reg[11]_i_24/O
                         net (fo=1, routed)           0.000     9.566    RegB/result_reg[10]_i_24[1]
    SLICE_X4Y23          CARRY4 (Prop_carry4_S[1]_CO[3])
                                                      0.324     9.890 r  RegB/result_reg_reg[11]_i_16/CO[3]
                         net (fo=1, routed)           0.000     9.890    RegB/result_reg_reg[11]_i_16_n_0
    SLICE_X4Y24          CARRY4 (Prop_carry4_CI_CO[3])
                                                      0.058     9.948 r  RegB/result_reg_reg[11]_i_11/CO[3]
                         net (fo=1, routed)           0.008     9.955    RegB/result_reg_reg[11]_i_11_n_0
    SLICE_X4Y25          CARRY4 (Prop_carry4_CI_CO[3])
                                                      0.058    10.013 r  RegB/result_reg_reg[11]_i_8/CO[3]
                         net (fo=1, routed)           0.000    10.013    RegB/result_reg_reg[11]_i_8_n_0
    SLICE_X4Y26          CARRY4 (Prop_carry4_CI_CO[1])
                                                      0.094    10.107 r  RegB/result_reg_reg[11]_i_7/CO[1]
                         net (fo=20, routed)          0.893    11.001    ALU/result_reg_reg[10]_i_7_0[0]
    SLICE_X5Y22          LUT3 (Prop_lut3_I0_O)        0.152    11.153 r  ALU/result_reg[10]_i_26/O
                         net (fo=1, routed)           0.000    11.153    RegB/result_reg[9]_i_27[2]
    SLICE_X5Y22          CARRY4 (Prop_carry4_S[3]_CO[3])
                                                      0.233    11.386 r  RegB/result_reg_reg[10]_i_21/CO[3]
                         net (fo=1, routed)           0.000    11.386    RegB/result_reg_reg[10]_i_21_n_0
    SLICE_X5Y23          CARRY4 (Prop_carry4_CI_CO[3])
                                                      0.058    11.444 r  RegB/result_reg_reg[10]_i_16/CO[3]
                         net (fo=1, routed)           0.000    11.444    RegB/result_reg_reg[10]_i_16_n_0
    SLICE_X5Y24          CARRY4 (Prop_carry4_CI_CO[3])
                                                      0.058    11.502 r  RegB/result_reg_reg[10]_i_11/CO[3]
                         net (fo=1, routed)           0.008    11.510    RegB/result_reg_reg[10]_i_11_n_0
    SLICE_X5Y25          CARRY4 (Prop_carry4_CI_CO[3])
                                                      0.058    11.568 r  RegB/result_reg_reg[10]_i_8/CO[3]
                         net (fo=1, routed)           0.000    11.568    RegB/result_reg_reg[10]_i_8_n_0
    SLICE_X5Y26          CARRY4 (Prop_carry4_CI_CO[1])
                                                      0.094    11.662 r  RegB/result_reg_reg[10]_i_7/CO[1]
                         net (fo=20, routed)          0.976    12.638    ALU/result_reg_reg[9]_i_7_0[0]
    SLICE_X7Y21          LUT3 (Prop_lut3_I0_O)        0.152    12.790 r  ALU/result_reg[9]_i_28/O
                         net (fo=1, routed)           0.000    12.790    RegB/result_reg[8]_i_28[0]
    SLICE_X7Y21          CARRY4 (Prop_carry4_S[1]_CO[3])
                                                      0.324    13.114 r  RegB/result_reg_reg[9]_i_21/CO[3]
                         net (fo=1, routed)           0.000    13.114    RegB/result_reg_reg[9]_i_21_n_0
    SLICE_X7Y22          CARRY4 (Prop_carry4_CI_CO[3])
                                                      0.058    13.172 r  RegB/result_reg_reg[9]_i_16/CO[3]
                         net (fo=1, routed)           0.000    13.172    RegB/result_reg_reg[9]_i_16_n_0
    SLICE_X7Y23          CARRY4 (Prop_carry4_CI_CO[3])
                                                      0.058    13.230 r  RegB/result_reg_reg[9]_i_11/CO[3]
                         net (fo=1, routed)           0.000    13.230    RegB/result_reg_reg[9]_i_11_n_0
    SLICE_X7Y24          CARRY4 (Prop_carry4_CI_CO[3])
                                                      0.058    13.288 r  RegB/result_reg_reg[9]_i_8/CO[3]
                         net (fo=1, routed)           0.008    13.296    RegB/result_reg_reg[9]_i_8_n_0
    SLICE_X7Y25          CARRY4 (Prop_carry4_CI_CO[1])
                                                      0.094    13.390 r  RegB/result_reg_reg[9]_i_7/CO[1]
                         net (fo=20, routed)          1.111    14.500    ALU/result_reg_reg[8]_i_8_0[0]
    SLICE_X6Y21          LUT3 (Prop_lut3_I0_O)        0.152    14.652 r  ALU/result_reg[8]_i_27/O
                         net (fo=1, routed)           0.000    14.652    RegB/result_reg[7]_i_27[2]
    SLICE_X6Y21          CARRY4 (Prop_carry4_S[3]_CO[3])
                                                      0.216    14.868 r  RegB/result_reg_reg[8]_i_22/CO[3]
                         net (fo=1, routed)           0.000    14.868    RegB/result_reg_reg[8]_i_22_n_0
    SLICE_X6Y22          CARRY4 (Prop_carry4_CI_CO[3])
                                                      0.060    14.928 r  RegB/result_reg_reg[8]_i_17/CO[3]
                         net (fo=1, routed)           0.000    14.928    RegB/result_reg_reg[8]_i_17_n_0
    SLICE_X6Y23          CARRY4 (Prop_carry4_CI_CO[3])
                                                      0.060    14.988 r  RegB/result_reg_reg[8]_i_12/CO[3]
                         net (fo=1, routed)           0.000    14.988    RegB/result_reg_reg[8]_i_12_n_0
    SLICE_X6Y24          CARRY4 (Prop_carry4_CI_CO[3])
                                                      0.060    15.048 r  RegB/result_reg_reg[8]_i_9/CO[3]
                         net (fo=1, routed)           0.008    15.056    RegB/result_reg_reg[8]_i_9_n_0
    SLICE_X6Y25          CARRY4 (Prop_carry4_CI_CO[1])
                                                      0.093    15.149 r  RegB/result_reg_reg[8]_i_8/CO[1]
                         net (fo=20, routed)          1.144    16.293    ALU/result_reg_reg[7]_i_7_0[0]
    SLICE_X9Y21          LUT3 (Prop_lut3_I0_O)        0.153    16.446 r  ALU/result_reg[7]_i_26/O
                         net (fo=1, routed)           0.000    16.446    RegB/result_reg[6]_i_27[2]
    SLICE_X9Y21          CARRY4 (Prop_carry4_S[3]_CO[3])
                                                      0.233    16.679 r  RegB/result_reg_reg[7]_i_21/CO[3]
                         net (fo=1, routed)           0.000    16.679    RegB/result_reg_reg[7]_i_21_n_0
    SLICE_X9Y22          CARRY4 (Prop_carry4_CI_CO[3])
                                                      0.058    16.737 r  RegB/result_reg_reg[7]_i_16/CO[3]
                         net (fo=1, routed)           0.000    16.737    RegB/result_reg_reg[7]_i_16_n_0
    SLICE_X9Y23          CARRY4 (Prop_carry4_CI_CO[3])
                                                      0.058    16.795 r  RegB/result_reg_reg[7]_i_11/CO[3]
                         net (fo=1, routed)           0.000    16.795    RegB/result_reg_reg[7]_i_11_n_0
    SLICE_X9Y24          CARRY4 (Prop_carry4_CI_CO[3])
                                                      0.058    16.853 r  RegB/result_reg_reg[7]_i_8/CO[3]
                         net (fo=1, routed)           0.008    16.861    RegB/result_reg_reg[7]_i_8_n_0
    SLICE_X9Y25          CARRY4 (Prop_carry4_CI_CO[1])
                                                      0.094    16.955 r  RegB/result_reg_reg[7]_i_7/CO[1]
                         net (fo=20, routed)          0.857    17.813    ALU/result_reg_reg[6]_i_7_0[0]
    SLICE_X8Y22          LUT3 (Prop_lut3_I0_O)        0.152    17.965 r  ALU/result_reg[6]_i_28/O
                         net (fo=1, routed)           0.000    17.965    RegB/result_reg[5]_i_27[0]
    SLICE_X8Y22          CARRY4 (Prop_carry4_S[1]_CO[3])
                                                      0.310    18.275 r  RegB/result_reg_reg[6]_i_21/CO[3]
                         net (fo=1, routed)           0.000    18.275    RegB/result_reg_reg[6]_i_21_n_0
    SLICE_X8Y23          CARRY4 (Prop_carry4_CI_CO[3])
                                                      0.060    18.335 r  RegB/result_reg_reg[6]_i_16/CO[3]
                         net (fo=1, routed)           0.000    18.335    RegB/result_reg_reg[6]_i_16_n_0
    SLICE_X8Y24          CARRY4 (Prop_carry4_CI_CO[3])
                                                      0.060    18.395 r  RegB/result_reg_reg[6]_i_11/CO[3]
                         net (fo=1, routed)           0.008    18.403    RegB/result_reg_reg[6]_i_11_n_0
    SLICE_X8Y25          CARRY4 (Prop_carry4_CI_CO[3])
                                                      0.060    18.463 r  RegB/result_reg_reg[6]_i_8/CO[3]
                         net (fo=1, routed)           0.000    18.463    RegB/result_reg_reg[6]_i_8_n_0
    SLICE_X8Y26          CARRY4 (Prop_carry4_CI_CO[1])
                                                      0.093    18.556 r  RegB/result_reg_reg[6]_i_7/CO[1]
                         net (fo=20, routed)          1.116    19.672    ALU/result_reg_reg[5]_i_7_0[0]
    SLICE_X10Y21         LUT3 (Prop_lut3_I0_O)        0.153    19.825 r  ALU/result_reg[5]_i_28/O
                         net (fo=1, routed)           0.000    19.825    RegB/result_reg[4]_i_28[0]
    SLICE_X10Y21         CARRY4 (Prop_carry4_S[1]_CO[3])
                                                      0.310    20.135 r  RegB/result_reg_reg[5]_i_21/CO[3]
                         net (fo=1, routed)           0.000    20.135    RegB/result_reg_reg[5]_i_21_n_0
    SLICE_X10Y22         CARRY4 (Prop_carry4_CI_CO[3])
                                                      0.060    20.195 r  RegB/result_reg_reg[5]_i_16/CO[3]
                         net (fo=1, routed)           0.000    20.195    RegB/result_reg_reg[5]_i_16_n_0
    SLICE_X10Y23         CARRY4 (Prop_carry4_CI_CO[3])
                                                      0.060    20.255 r  RegB/result_reg_reg[5]_i_11/CO[3]
                         net (fo=1, routed)           0.000    20.255    RegB/result_reg_reg[5]_i_11_n_0
    SLICE_X10Y24         CARRY4 (Prop_carry4_CI_CO[3])
                                                      0.060    20.315 r  RegB/result_reg_reg[5]_i_8/CO[3]
                         net (fo=1, routed)           0.008    20.323    RegB/result_reg_reg[5]_i_8_n_0
    SLICE_X10Y25         CARRY4 (Prop_carry4_CI_CO[1])
                                                      0.093    20.416 r  RegB/result_reg_reg[5]_i_7/CO[1]
                         net (fo=20, routed)          1.005    21.421    ALU/result_reg_reg[4]_i_8_0[0]
    SLICE_X12Y22         LUT3 (Prop_lut3_I0_O)        0.153    21.574 r  ALU/result_reg[4]_i_29/O
                         net (fo=1, routed)           0.000    21.574    RegB/result_reg[3]_i_27[0]
    SLICE_X12Y22         CARRY4 (Prop_carry4_S[1]_CO[3])
                                                      0.310    21.884 r  RegB/result_reg_reg[4]_i_22/CO[3]
                         net (fo=1, routed)           0.000    21.884    RegB/result_reg_reg[4]_i_22_n_0
    SLICE_X12Y23         CARRY4 (Prop_carry4_CI_CO[3])
                                                      0.060    21.944 r  RegB/result_reg_reg[4]_i_17/CO[3]
                         net (fo=1, routed)           0.000    21.944    RegB/result_reg_reg[4]_i_17_n_0
    SLICE_X12Y24         CARRY4 (Prop_carry4_CI_CO[3])
                                                      0.060    22.004 r  RegB/result_reg_reg[4]_i_12/CO[3]
                         net (fo=1, routed)           0.008    22.012    RegB/result_reg_reg[4]_i_12_n_0
    SLICE_X12Y25         CARRY4 (Prop_carry4_CI_CO[3])
                                                      0.060    22.072 r  RegB/result_reg_reg[4]_i_9/CO[3]
                         net (fo=1, routed)           0.000    22.072    RegB/result_reg_reg[4]_i_9_n_0
    SLICE_X12Y26         CARRY4 (Prop_carry4_CI_CO[1])
                                                      0.093    22.165 r  RegB/result_reg_reg[4]_i_8/CO[1]
                         net (fo=20, routed)          1.234    23.399    RegB/q_reg_reg[15]_4[1]
    SLICE_X7Y17          LUT4 (Prop_lut4_I0_O)        0.153    23.552 r  RegB/result_reg[4]_i_7/O
                         net (fo=1, routed)           0.000    23.552    IR/result_reg_reg[4]_1
    SLICE_X7Y17          MUXF7 (Prop_muxf7_I1_O)      0.145    23.697 r  IR/result_reg_reg[4]_i_4/O
                         net (fo=1, routed)           0.429    24.126    IR/result_reg_reg[4]_i_4_n_0
    SLICE_X1Y16          LUT5 (Prop_lut5_I3_O)        0.151    24.277 r  IR/result_reg[4]_i_1/O
                         net (fo=1, routed)           0.000    24.277    ALU/D[4]
    SLICE_X1Y16          FDRE                                         r  ALU/result_reg_reg[4]/D
  -------------------------------------------------------------------    -------------------

Slack:                    inf
  Source:                 RegB/q_reg_reg[5]/C
                            (rising edge-triggered cell FDCE)
  Destination:            ALU/result_reg_reg[5]/D
  Path Group:             (none)
  Path Type:              Max at Slow Process Corner
  Data Path Delay:        22.207ns  (logic 8.454ns (38.069%)  route 13.753ns (61.931%))
  Logic Levels:           68  (CARRY4=53 FDCE=1 LUT1=1 LUT3=10 LUT4=1 LUT5=1 MUXF7=1)

    Location             Delay type                Incr(ns)  Path(ns)    Netlist Resource(s)
  -------------------------------------------------------------------    -------------------
    SLICE_X1Y19          FDCE                         0.000     0.000 r  RegB/q_reg_reg[5]/C
    SLICE_X1Y19          FDCE (Prop_fdce_C_Q)         0.269     0.269 f  RegB/q_reg_reg[5]/Q
                         net (fo=39, routed)          2.353     2.622    RegB/Q[5]
    SLICE_X0Y26          LUT1 (Prop_lut1_I0_O)        0.053     2.675 r  RegB/result_reg[15]_i_43/O
                         net (fo=1, routed)           0.000     2.675    RegB/result_reg[15]_i_43_n_0
    SLICE_X0Y26          CARRY4 (Prop_carry4_S[1]_CO[3])
                                                      0.324     2.999 r  RegB/result_reg_reg[15]_i_27/CO[3]
                         net (fo=1, routed)           0.000     2.999    RegB/result_reg_reg[15]_i_27_n_0
    SLICE_X0Y27          CARRY4 (Prop_carry4_CI_CO[3])
                                                      0.058     3.057 r  RegB/result_reg_reg[15]_i_18/CO[3]
                         net (fo=1, routed)           0.000     3.057    RegB/result_reg_reg[15]_i_18_n_0
    SLICE_X0Y28          CARRY4 (Prop_carry4_CI_CO[3])
                                                      0.058     3.115 r  RegB/result_reg_reg[15]_i_13/CO[3]
                         net (fo=1, routed)           0.000     3.115    RegB/result_reg_reg[15]_i_13_n_0
    SLICE_X0Y29          CARRY4 (Prop_carry4_CI_CO[0])
                                                      0.179     3.294 r  RegB/result_reg_reg[15]_i_11/CO[0]
                         net (fo=20, routed)          0.904     4.198    ALU/result_reg_reg[14]_i_7_0[0]
    SLICE_X1Y25          LUT3 (Prop_lut3_I0_O)        0.157     4.355 r  ALU/result_reg[14]_i_28/O
                         net (fo=1, routed)           0.000     4.355    RegB/result_reg[13]_i_27[0]
    SLICE_X1Y25          CARRY4 (Prop_carry4_S[1]_CO[3])
                                                      0.324     4.679 r  RegB/result_reg_reg[14]_i_21/CO[3]
                         net (fo=1, routed)           0.000     4.679    RegB/result_reg_reg[14]_i_21_n_0
    SLICE_X1Y26          CARRY4 (Prop_carry4_CI_CO[3])
                                                      0.058     4.737 r  RegB/result_reg_reg[14]_i_16/CO[3]
                         net (fo=1, routed)           0.000     4.737    RegB/result_reg_reg[14]_i_16_n_0
    SLICE_X1Y27          CARRY4 (Prop_carry4_CI_CO[3])
                                                      0.058     4.795 r  RegB/result_reg_reg[14]_i_11/CO[3]
                         net (fo=1, routed)           0.000     4.795    RegB/result_reg_reg[14]_i_11_n_0
    SLICE_X1Y28          CARRY4 (Prop_carry4_CI_CO[3])
                                                      0.058     4.853 r  RegB/result_reg_reg[14]_i_8/CO[3]
                         net (fo=1, routed)           0.000     4.853    RegB/result_reg_reg[14]_i_8_n_0
    SLICE_X1Y29          CARRY4 (Prop_carry4_CI_CO[1])
                                                      0.094     4.947 r  RegB/result_reg_reg[14]_i_7/CO[1]
                         net (fo=20, routed)          0.827     5.775    ALU/result_reg_reg[13]_i_7_0[0]
    SLICE_X2Y25          LUT3 (Prop_lut3_I0_O)        0.152     5.927 r  ALU/result_reg[13]_i_28/O
                         net (fo=1, routed)           0.000     5.927    RegB/result_reg[12]_i_28[0]
    SLICE_X2Y25          CARRY4 (Prop_carry4_S[1]_CO[3])
                                                      0.310     6.237 r  RegB/result_reg_reg[13]_i_21/CO[3]
                         net (fo=1, routed)           0.000     6.237    RegB/result_reg_reg[13]_i_21_n_0
    SLICE_X2Y26          CARRY4 (Prop_carry4_CI_CO[3])
                                                      0.060     6.297 r  RegB/result_reg_reg[13]_i_16/CO[3]
                         net (fo=1, routed)           0.000     6.297    RegB/result_reg_reg[13]_i_16_n_0
    SLICE_X2Y27          CARRY4 (Prop_carry4_CI_CO[3])
                                                      0.060     6.357 r  RegB/result_reg_reg[13]_i_11/CO[3]
                         net (fo=1, routed)           0.000     6.357    RegB/result_reg_reg[13]_i_11_n_0
    SLICE_X2Y28          CARRY4 (Prop_carry4_CI_CO[3])
                                                      0.060     6.417 r  RegB/result_reg_reg[13]_i_8/CO[3]
                         net (fo=1, routed)           0.000     6.417    RegB/result_reg_reg[13]_i_8_n_0
    SLICE_X2Y29          CARRY4 (Prop_carry4_CI_CO[1])
                                                      0.093     6.510 r  RegB/result_reg_reg[13]_i_7/CO[1]
                         net (fo=20, routed)          1.177     7.687    ALU/result_reg_reg[12]_i_8_0[0]
    SLICE_X3Y23          LUT3 (Prop_lut3_I0_O)        0.153     7.840 r  ALU/result_reg[12]_i_29/O
                         net (fo=1, routed)           0.000     7.840    RegB/result_reg[11]_i_27[0]
    SLICE_X3Y23          CARRY4 (Prop_carry4_S[1]_CO[3])
                                                      0.324     8.164 r  RegB/result_reg_reg[12]_i_22/CO[3]
                         net (fo=1, routed)           0.000     8.164    RegB/result_reg_reg[12]_i_22_n_0
    SLICE_X3Y24          CARRY4 (Prop_carry4_CI_CO[3])
                                                      0.058     8.222 r  RegB/result_reg_reg[12]_i_17/CO[3]
                         net (fo=1, routed)           0.008     8.230    RegB/result_reg_reg[12]_i_17_n_0
    SLICE_X3Y25          CARRY4 (Prop_carry4_CI_CO[3])
                                                      0.058     8.288 r  RegB/result_reg_reg[12]_i_12/CO[3]
                         net (fo=1, routed)           0.000     8.288    RegB/result_reg_reg[12]_i_12_n_0
    SLICE_X3Y26          CARRY4 (Prop_carry4_CI_CO[3])
                                                      0.058     8.346 r  RegB/result_reg_reg[12]_i_9/CO[3]
                         net (fo=1, routed)           0.000     8.346    RegB/result_reg_reg[12]_i_9_n_0
    SLICE_X3Y27          CARRY4 (Prop_carry4_CI_CO[1])
                                                      0.094     8.440 r  RegB/result_reg_reg[12]_i_8/CO[1]
                         net (fo=20, routed)          0.974     9.414    ALU/result_reg_reg[11]_i_7_0[0]
    SLICE_X4Y23          LUT3 (Prop_lut3_I0_O)        0.152     9.566 r  ALU/result_reg[11]_i_24/O
                         net (fo=1, routed)           0.000     9.566    RegB/result_reg[10]_i_24[1]
    SLICE_X4Y23          CARRY4 (Prop_carry4_S[1]_CO[3])
                                                      0.324     9.890 r  RegB/result_reg_reg[11]_i_16/CO[3]
                         net (fo=1, routed)           0.000     9.890    RegB/result_reg_reg[11]_i_16_n_0
    SLICE_X4Y24          CARRY4 (Prop_carry4_CI_CO[3])
                                                      0.058     9.948 r  RegB/result_reg_reg[11]_i_11/CO[3]
                         net (fo=1, routed)           0.008     9.955    RegB/result_reg_reg[11]_i_11_n_0
    SLICE_X4Y25          CARRY4 (Prop_carry4_CI_CO[3])
                                                      0.058    10.013 r  RegB/result_reg_reg[11]_i_8/CO[3]
                         net (fo=1, routed)           0.000    10.013    RegB/result_reg_reg[11]_i_8_n_0
    SLICE_X4Y26          CARRY4 (Prop_carry4_CI_CO[1])
                                                      0.094    10.107 r  RegB/result_reg_reg[11]_i_7/CO[1]
                         net (fo=20, routed)          0.893    11.001    ALU/result_reg_reg[10]_i_7_0[0]
    SLICE_X5Y22          LUT3 (Prop_lut3_I0_O)        0.152    11.153 r  ALU/result_reg[10]_i_26/O
                         net (fo=1, routed)           0.000    11.153    RegB/result_reg[9]_i_27[2]
    SLICE_X5Y22          CARRY4 (Prop_carry4_S[3]_CO[3])
                                                      0.233    11.386 r  RegB/result_reg_reg[10]_i_21/CO[3]
                         net (fo=1, routed)           0.000    11.386    RegB/result_reg_reg[10]_i_21_n_0
    SLICE_X5Y23          CARRY4 (Prop_carry4_CI_CO[3])
                                                      0.058    11.444 r  RegB/result_reg_reg[10]_i_16/CO[3]
                         net (fo=1, routed)           0.000    11.444    RegB/result_reg_reg[10]_i_16_n_0
    SLICE_X5Y24          CARRY4 (Prop_carry4_CI_CO[3])
                                                      0.058    11.502 r  RegB/result_reg_reg[10]_i_11/CO[3]
                         net (fo=1, routed)           0.008    11.510    RegB/result_reg_reg[10]_i_11_n_0
    SLICE_X5Y25          CARRY4 (Prop_carry4_CI_CO[3])
                                                      0.058    11.568 r  RegB/result_reg_reg[10]_i_8/CO[3]
                         net (fo=1, routed)           0.000    11.568    RegB/result_reg_reg[10]_i_8_n_0
    SLICE_X5Y26          CARRY4 (Prop_carry4_CI_CO[1])
                                                      0.094    11.662 r  RegB/result_reg_reg[10]_i_7/CO[1]
                         net (fo=20, routed)          0.976    12.638    ALU/result_reg_reg[9]_i_7_0[0]
    SLICE_X7Y21          LUT3 (Prop_lut3_I0_O)        0.152    12.790 r  ALU/result_reg[9]_i_28/O
                         net (fo=1, routed)           0.000    12.790    RegB/result_reg[8]_i_28[0]
    SLICE_X7Y21          CARRY4 (Prop_carry4_S[1]_CO[3])
                                                      0.324    13.114 r  RegB/result_reg_reg[9]_i_21/CO[3]
                         net (fo=1, routed)           0.000    13.114    RegB/result_reg_reg[9]_i_21_n_0
    SLICE_X7Y22          CARRY4 (Prop_carry4_CI_CO[3])
                                                      0.058    13.172 r  RegB/result_reg_reg[9]_i_16/CO[3]
                         net (fo=1, routed)           0.000    13.172    RegB/result_reg_reg[9]_i_16_n_0
    SLICE_X7Y23          CARRY4 (Prop_carry4_CI_CO[3])
                                                      0.058    13.230 r  RegB/result_reg_reg[9]_i_11/CO[3]
                         net (fo=1, routed)           0.000    13.230    RegB/result_reg_reg[9]_i_11_n_0
    SLICE_X7Y24          CARRY4 (Prop_carry4_CI_CO[3])
                                                      0.058    13.288 r  RegB/result_reg_reg[9]_i_8/CO[3]
                         net (fo=1, routed)           0.008    13.296    RegB/result_reg_reg[9]_i_8_n_0
    SLICE_X7Y25          CARRY4 (Prop_carry4_CI_CO[1])
                                                      0.094    13.390 r  RegB/result_reg_reg[9]_i_7/CO[1]
                         net (fo=20, routed)          1.111    14.500    ALU/result_reg_reg[8]_i_8_0[0]
    SLICE_X6Y21          LUT3 (Prop_lut3_I0_O)        0.152    14.652 r  ALU/result_reg[8]_i_27/O
                         net (fo=1, routed)           0.000    14.652    RegB/result_reg[7]_i_27[2]
    SLICE_X6Y21          CARRY4 (Prop_carry4_S[3]_CO[3])
                                                      0.216    14.868 r  RegB/result_reg_reg[8]_i_22/CO[3]
                         net (fo=1, routed)           0.000    14.868    RegB/result_reg_reg[8]_i_22_n_0
    SLICE_X6Y22          CARRY4 (Prop_carry4_CI_CO[3])
                                                      0.060    14.928 r  RegB/result_reg_reg[8]_i_17/CO[3]
                         net (fo=1, routed)           0.000    14.928    RegB/result_reg_reg[8]_i_17_n_0
    SLICE_X6Y23          CARRY4 (Prop_carry4_CI_CO[3])
                                                      0.060    14.988 r  RegB/result_reg_reg[8]_i_12/CO[3]
                         net (fo=1, routed)           0.000    14.988    RegB/result_reg_reg[8]_i_12_n_0
    SLICE_X6Y24          CARRY4 (Prop_carry4_CI_CO[3])
                                                      0.060    15.048 r  RegB/result_reg_reg[8]_i_9/CO[3]
                         net (fo=1, routed)           0.008    15.056    RegB/result_reg_reg[8]_i_9_n_0
    SLICE_X6Y25          CARRY4 (Prop_carry4_CI_CO[1])
                                                      0.093    15.149 r  RegB/result_reg_reg[8]_i_8/CO[1]
                         net (fo=20, routed)          1.144    16.293    ALU/result_reg_reg[7]_i_7_0[0]
    SLICE_X9Y21          LUT3 (Prop_lut3_I0_O)        0.153    16.446 r  ALU/result_reg[7]_i_26/O
                         net (fo=1, routed)           0.000    16.446    RegB/result_reg[6]_i_27[2]
    SLICE_X9Y21          CARRY4 (Prop_carry4_S[3]_CO[3])
                                                      0.233    16.679 r  RegB/result_reg_reg[7]_i_21/CO[3]
                         net (fo=1, routed)           0.000    16.679    RegB/result_reg_reg[7]_i_21_n_0
    SLICE_X9Y22          CARRY4 (Prop_carry4_CI_CO[3])
                                                      0.058    16.737 r  RegB/result_reg_reg[7]_i_16/CO[3]
                         net (fo=1, routed)           0.000    16.737    RegB/result_reg_reg[7]_i_16_n_0
    SLICE_X9Y23          CARRY4 (Prop_carry4_CI_CO[3])
                                                      0.058    16.795 r  RegB/result_reg_reg[7]_i_11/CO[3]
                         net (fo=1, routed)           0.000    16.795    RegB/result_reg_reg[7]_i_11_n_0
    SLICE_X9Y24          CARRY4 (Prop_carry4_CI_CO[3])
                                                      0.058    16.853 r  RegB/result_reg_reg[7]_i_8/CO[3]
                         net (fo=1, routed)           0.008    16.861    RegB/result_reg_reg[7]_i_8_n_0
    SLICE_X9Y25          CARRY4 (Prop_carry4_CI_CO[1])
                                                      0.094    16.955 r  RegB/result_reg_reg[7]_i_7/CO[1]
                         net (fo=20, routed)          0.857    17.813    ALU/result_reg_reg[6]_i_7_0[0]
    SLICE_X8Y22          LUT3 (Prop_lut3_I0_O)        0.152    17.965 r  ALU/result_reg[6]_i_28/O
                         net (fo=1, routed)           0.000    17.965    RegB/result_reg[5]_i_27[0]
    SLICE_X8Y22          CARRY4 (Prop_carry4_S[1]_CO[3])
                                                      0.310    18.275 r  RegB/result_reg_reg[6]_i_21/CO[3]
                         net (fo=1, routed)           0.000    18.275    RegB/result_reg_reg[6]_i_21_n_0
    SLICE_X8Y23          CARRY4 (Prop_carry4_CI_CO[3])
                                                      0.060    18.335 r  RegB/result_reg_reg[6]_i_16/CO[3]
                         net (fo=1, routed)           0.000    18.335    RegB/result_reg_reg[6]_i_16_n_0
    SLICE_X8Y24          CARRY4 (Prop_carry4_CI_CO[3])
                                                      0.060    18.395 r  RegB/result_reg_reg[6]_i_11/CO[3]
                         net (fo=1, routed)           0.008    18.403    RegB/result_reg_reg[6]_i_11_n_0
    SLICE_X8Y25          CARRY4 (Prop_carry4_CI_CO[3])
                                                      0.060    18.463 r  RegB/result_reg_reg[6]_i_8/CO[3]
                         net (fo=1, routed)           0.000    18.463    RegB/result_reg_reg[6]_i_8_n_0
    SLICE_X8Y26          CARRY4 (Prop_carry4_CI_CO[1])
                                                      0.093    18.556 r  RegB/result_reg_reg[6]_i_7/CO[1]
                         net (fo=20, routed)          1.116    19.672    ALU/result_reg_reg[5]_i_7_0[0]
    SLICE_X10Y21         LUT3 (Prop_lut3_I0_O)        0.153    19.825 r  ALU/result_reg[5]_i_28/O
                         net (fo=1, routed)           0.000    19.825    RegB/result_reg[4]_i_28[0]
    SLICE_X10Y21         CARRY4 (Prop_carry4_S[1]_CO[3])
                                                      0.310    20.135 r  RegB/result_reg_reg[5]_i_21/CO[3]
                         net (fo=1, routed)           0.000    20.135    RegB/result_reg_reg[5]_i_21_n_0
    SLICE_X10Y22         CARRY4 (Prop_carry4_CI_CO[3])
                                                      0.060    20.195 r  RegB/result_reg_reg[5]_i_16/CO[3]
                         net (fo=1, routed)           0.000    20.195    RegB/result_reg_reg[5]_i_16_n_0
    SLICE_X10Y23         CARRY4 (Prop_carry4_CI_CO[3])
                                                      0.060    20.255 r  RegB/result_reg_reg[5]_i_11/CO[3]
                         net (fo=1, routed)           0.000    20.255    RegB/result_reg_reg[5]_i_11_n_0
    SLICE_X10Y24         CARRY4 (Prop_carry4_CI_CO[3])
                                                      0.060    20.315 r  RegB/result_reg_reg[5]_i_8/CO[3]
                         net (fo=1, routed)           0.008    20.323    RegB/result_reg_reg[5]_i_8_n_0
    SLICE_X10Y25         CARRY4 (Prop_carry4_CI_CO[1])
                                                      0.093    20.416 r  RegB/result_reg_reg[5]_i_7/CO[1]
                         net (fo=20, routed)          1.052    21.468    RegB/q_reg_reg[15]_5[1]
    SLICE_X7Y16          LUT4 (Prop_lut4_I0_O)        0.153    21.621 r  RegB/result_reg[5]_i_6/O
                         net (fo=1, routed)           0.000    21.621    IR/result_reg_reg[5]_1
    SLICE_X7Y16          MUXF7 (Prop_muxf7_I1_O)      0.129    21.750 r  IR/result_reg_reg[5]_i_4/O
                         net (fo=1, routed)           0.304    22.054    IR/result_reg_reg[5]_i_4_n_0
    SLICE_X7Y16          LUT5 (Prop_lut5_I3_O)        0.153    22.207 r  IR/result_reg[5]_i_1/O
                         net (fo=1, routed)           0.000    22.207    ALU/D[5]
    SLICE_X7Y16          FDRE                                         r  ALU/result_reg_reg[5]/D
  -------------------------------------------------------------------    -------------------

Slack:                    inf
  Source:                 RegB/q_reg_reg[5]/C
                            (rising edge-triggered cell FDCE)
  Destination:            ALU/result_reg_reg[6]/D
  Path Group:             (none)
  Path Type:              Max at Slow Process Corner
  Data Path Delay:        20.608ns  (logic 7.718ns (37.452%)  route 12.890ns (62.548%))
  Logic Levels:           62  (CARRY4=48 FDCE=1 LUT1=1 LUT3=9 LUT4=1 LUT5=1 MUXF7=1)

    Location             Delay type                Incr(ns)  Path(ns)    Netlist Resource(s)
  -------------------------------------------------------------------    -------------------
    SLICE_X1Y19          FDCE                         0.000     0.000 r  RegB/q_reg_reg[5]/C
    SLICE_X1Y19          FDCE (Prop_fdce_C_Q)         0.269     0.269 f  RegB/q_reg_reg[5]/Q
                         net (fo=39, routed)          2.353     2.622    RegB/Q[5]
    SLICE_X0Y26          LUT1 (Prop_lut1_I0_O)        0.053     2.675 r  RegB/result_reg[15]_i_43/O
                         net (fo=1, routed)           0.000     2.675    RegB/result_reg[15]_i_43_n_0
    SLICE_X0Y26          CARRY4 (Prop_carry4_S[1]_CO[3])
                                                      0.324     2.999 r  RegB/result_reg_reg[15]_i_27/CO[3]
                         net (fo=1, routed)           0.000     2.999    RegB/result_reg_reg[15]_i_27_n_0
    SLICE_X0Y27          CARRY4 (Prop_carry4_CI_CO[3])
                                                      0.058     3.057 r  RegB/result_reg_reg[15]_i_18/CO[3]
                         net (fo=1, routed)           0.000     3.057    RegB/result_reg_reg[15]_i_18_n_0
    SLICE_X0Y28          CARRY4 (Prop_carry4_CI_CO[3])
                                                      0.058     3.115 r  RegB/result_reg_reg[15]_i_13/CO[3]
                         net (fo=1, routed)           0.000     3.115    RegB/result_reg_reg[15]_i_13_n_0
    SLICE_X0Y29          CARRY4 (Prop_carry4_CI_CO[0])
                                                      0.179     3.294 r  RegB/result_reg_reg[15]_i_11/CO[0]
                         net (fo=20, routed)          0.904     4.198    ALU/result_reg_reg[14]_i_7_0[0]
    SLICE_X1Y25          LUT3 (Prop_lut3_I0_O)        0.157     4.355 r  ALU/result_reg[14]_i_28/O
                         net (fo=1, routed)           0.000     4.355    RegB/result_reg[13]_i_27[0]
    SLICE_X1Y25          CARRY4 (Prop_carry4_S[1]_CO[3])
                                                      0.324     4.679 r  RegB/result_reg_reg[14]_i_21/CO[3]
                         net (fo=1, routed)           0.000     4.679    RegB/result_reg_reg[14]_i_21_n_0
    SLICE_X1Y26          CARRY4 (Prop_carry4_CI_CO[3])
                                                      0.058     4.737 r  RegB/result_reg_reg[14]_i_16/CO[3]
                         net (fo=1, routed)           0.000     4.737    RegB/result_reg_reg[14]_i_16_n_0
    SLICE_X1Y27          CARRY4 (Prop_carry4_CI_CO[3])
                                                      0.058     4.795 r  RegB/result_reg_reg[14]_i_11/CO[3]
                         net (fo=1, routed)           0.000     4.795    RegB/result_reg_reg[14]_i_11_n_0
    SLICE_X1Y28          CARRY4 (Prop_carry4_CI_CO[3])
                                                      0.058     4.853 r  RegB/result_reg_reg[14]_i_8/CO[3]
                         net (fo=1, routed)           0.000     4.853    RegB/result_reg_reg[14]_i_8_n_0
    SLICE_X1Y29          CARRY4 (Prop_carry4_CI_CO[1])
                                                      0.094     4.947 r  RegB/result_reg_reg[14]_i_7/CO[1]
                         net (fo=20, routed)          0.827     5.775    ALU/result_reg_reg[13]_i_7_0[0]
    SLICE_X2Y25          LUT3 (Prop_lut3_I0_O)        0.152     5.927 r  ALU/result_reg[13]_i_28/O
                         net (fo=1, routed)           0.000     5.927    RegB/result_reg[12]_i_28[0]
    SLICE_X2Y25          CARRY4 (Prop_carry4_S[1]_CO[3])
                                                      0.310     6.237 r  RegB/result_reg_reg[13]_i_21/CO[3]
                         net (fo=1, routed)           0.000     6.237    RegB/result_reg_reg[13]_i_21_n_0
    SLICE_X2Y26          CARRY4 (Prop_carry4_CI_CO[3])
                                                      0.060     6.297 r  RegB/result_reg_reg[13]_i_16/CO[3]
                         net (fo=1, routed)           0.000     6.297    RegB/result_reg_reg[13]_i_16_n_0
    SLICE_X2Y27          CARRY4 (Prop_carry4_CI_CO[3])
                                                      0.060     6.357 r  RegB/result_reg_reg[13]_i_11/CO[3]
                         net (fo=1, routed)           0.000     6.357    RegB/result_reg_reg[13]_i_11_n_0
    SLICE_X2Y28          CARRY4 (Prop_carry4_CI_CO[3])
                                                      0.060     6.417 r  RegB/result_reg_reg[13]_i_8/CO[3]
                         net (fo=1, routed)           0.000     6.417    RegB/result_reg_reg[13]_i_8_n_0
    SLICE_X2Y29          CARRY4 (Prop_carry4_CI_CO[1])
                                                      0.093     6.510 r  RegB/result_reg_reg[13]_i_7/CO[1]
                         net (fo=20, routed)          1.177     7.687    ALU/result_reg_reg[12]_i_8_0[0]
    SLICE_X3Y23          LUT3 (Prop_lut3_I0_O)        0.153     7.840 r  ALU/result_reg[12]_i_29/O
                         net (fo=1, routed)           0.000     7.840    RegB/result_reg[11]_i_27[0]
    SLICE_X3Y23          CARRY4 (Prop_carry4_S[1]_CO[3])
                                                      0.324     8.164 r  RegB/result_reg_reg[12]_i_22/CO[3]
                         net (fo=1, routed)           0.000     8.164    RegB/result_reg_reg[12]_i_22_n_0
    SLICE_X3Y24          CARRY4 (Prop_carry4_CI_CO[3])
                                                      0.058     8.222 r  RegB/result_reg_reg[12]_i_17/CO[3]
                         net (fo=1, routed)           0.008     8.230    RegB/result_reg_reg[12]_i_17_n_0
    SLICE_X3Y25          CARRY4 (Prop_carry4_CI_CO[3])
                                                      0.058     8.288 r  RegB/result_reg_reg[12]_i_12/CO[3]
                         net (fo=1, routed)           0.000     8.288    RegB/result_reg_reg[12]_i_12_n_0
    SLICE_X3Y26          CARRY4 (Prop_carry4_CI_CO[3])
                                                      0.058     8.346 r  RegB/result_reg_reg[12]_i_9/CO[3]
                         net (fo=1, routed)           0.000     8.346    RegB/result_reg_reg[12]_i_9_n_0
    SLICE_X3Y27          CARRY4 (Prop_carry4_CI_CO[1])
                                                      0.094     8.440 r  RegB/result_reg_reg[12]_i_8/CO[1]
                         net (fo=20, routed)          0.974     9.414    ALU/result_reg_reg[11]_i_7_0[0]
    SLICE_X4Y23          LUT3 (Prop_lut3_I0_O)        0.152     9.566 r  ALU/result_reg[11]_i_24/O
                         net (fo=1, routed)           0.000     9.566    RegB/result_reg[10]_i_24[1]
    SLICE_X4Y23          CARRY4 (Prop_carry4_S[1]_CO[3])
                                                      0.324     9.890 r  RegB/result_reg_reg[11]_i_16/CO[3]
                         net (fo=1, routed)           0.000     9.890    RegB/result_reg_reg[11]_i_16_n_0
    SLICE_X4Y24          CARRY4 (Prop_carry4_CI_CO[3])
                                                      0.058     9.948 r  RegB/result_reg_reg[11]_i_11/CO[3]
                         net (fo=1, routed)           0.008     9.955    RegB/result_reg_reg[11]_i_11_n_0
    SLICE_X4Y25          CARRY4 (Prop_carry4_CI_CO[3])
                                                      0.058    10.013 r  RegB/result_reg_reg[11]_i_8/CO[3]
                         net (fo=1, routed)           0.000    10.013    RegB/result_reg_reg[11]_i_8_n_0
    SLICE_X4Y26          CARRY4 (Prop_carry4_CI_CO[1])
                                                      0.094    10.107 r  RegB/result_reg_reg[11]_i_7/CO[1]
                         net (fo=20, routed)          0.893    11.001    ALU/result_reg_reg[10]_i_7_0[0]
    SLICE_X5Y22          LUT3 (Prop_lut3_I0_O)        0.152    11.153 r  ALU/result_reg[10]_i_26/O
                         net (fo=1, routed)           0.000    11.153    RegB/result_reg[9]_i_27[2]
    SLICE_X5Y22          CARRY4 (Prop_carry4_S[3]_CO[3])
                                                      0.233    11.386 r  RegB/result_reg_reg[10]_i_21/CO[3]
                         net (fo=1, routed)           0.000    11.386    RegB/result_reg_reg[10]_i_21_n_0
    SLICE_X5Y23          CARRY4 (Prop_carry4_CI_CO[3])
                                                      0.058    11.444 r  RegB/result_reg_reg[10]_i_16/CO[3]
                         net (fo=1, routed)           0.000    11.444    RegB/result_reg_reg[10]_i_16_n_0
    SLICE_X5Y24          CARRY4 (Prop_carry4_CI_CO[3])
                                                      0.058    11.502 r  RegB/result_reg_reg[10]_i_11/CO[3]
                         net (fo=1, routed)           0.008    11.510    RegB/result_reg_reg[10]_i_11_n_0
    SLICE_X5Y25          CARRY4 (Prop_carry4_CI_CO[3])
                                                      0.058    11.568 r  RegB/result_reg_reg[10]_i_8/CO[3]
                         net (fo=1, routed)           0.000    11.568    RegB/result_reg_reg[10]_i_8_n_0
    SLICE_X5Y26          CARRY4 (Prop_carry4_CI_CO[1])
                                                      0.094    11.662 r  RegB/result_reg_reg[10]_i_7/CO[1]
                         net (fo=20, routed)          0.976    12.638    ALU/result_reg_reg[9]_i_7_0[0]
    SLICE_X7Y21          LUT3 (Prop_lut3_I0_O)        0.152    12.790 r  ALU/result_reg[9]_i_28/O
                         net (fo=1, routed)           0.000    12.790    RegB/result_reg[8]_i_28[0]
    SLICE_X7Y21          CARRY4 (Prop_carry4_S[1]_CO[3])
                                                      0.324    13.114 r  RegB/result_reg_reg[9]_i_21/CO[3]
                         net (fo=1, routed)           0.000    13.114    RegB/result_reg_reg[9]_i_21_n_0
    SLICE_X7Y22          CARRY4 (Prop_carry4_CI_CO[3])
                                                      0.058    13.172 r  RegB/result_reg_reg[9]_i_16/CO[3]
                         net (fo=1, routed)           0.000    13.172    RegB/result_reg_reg[9]_i_16_n_0
    SLICE_X7Y23          CARRY4 (Prop_carry4_CI_CO[3])
                                                      0.058    13.230 r  RegB/result_reg_reg[9]_i_11/CO[3]
                         net (fo=1, routed)           0.000    13.230    RegB/result_reg_reg[9]_i_11_n_0
    SLICE_X7Y24          CARRY4 (Prop_carry4_CI_CO[3])
                                                      0.058    13.288 r  RegB/result_reg_reg[9]_i_8/CO[3]
                         net (fo=1, routed)           0.008    13.296    RegB/result_reg_reg[9]_i_8_n_0
    SLICE_X7Y25          CARRY4 (Prop_carry4_CI_CO[1])
                                                      0.094    13.390 r  RegB/result_reg_reg[9]_i_7/CO[1]
                         net (fo=20, routed)          1.111    14.500    ALU/result_reg_reg[8]_i_8_0[0]
    SLICE_X6Y21          LUT3 (Prop_lut3_I0_O)        0.152    14.652 r  ALU/result_reg[8]_i_27/O
                         net (fo=1, routed)           0.000    14.652    RegB/result_reg[7]_i_27[2]
    SLICE_X6Y21          CARRY4 (Prop_carry4_S[3]_CO[3])
                                                      0.216    14.868 r  RegB/result_reg_reg[8]_i_22/CO[3]
                         net (fo=1, routed)           0.000    14.868    RegB/result_reg_reg[8]_i_22_n_0
    SLICE_X6Y22          CARRY4 (Prop_carry4_CI_CO[3])
                                                      0.060    14.928 r  RegB/result_reg_reg[8]_i_17/CO[3]
                         net (fo=1, routed)           0.000    14.928    RegB/result_reg_reg[8]_i_17_n_0
    SLICE_X6Y23          CARRY4 (Prop_carry4_CI_CO[3])
                                                      0.060    14.988 r  RegB/result_reg_reg[8]_i_12/CO[3]
                         net (fo=1, routed)           0.000    14.988    RegB/result_reg_reg[8]_i_12_n_0
    SLICE_X6Y24          CARRY4 (Prop_carry4_CI_CO[3])
                                                      0.060    15.048 r  RegB/result_reg_reg[8]_i_9/CO[3]
                         net (fo=1, routed)           0.008    15.056    RegB/result_reg_reg[8]_i_9_n_0
    SLICE_X6Y25          CARRY4 (Prop_carry4_CI_CO[1])
                                                      0.093    15.149 r  RegB/result_reg_reg[8]_i_8/CO[1]
                         net (fo=20, routed)          1.144    16.293    ALU/result_reg_reg[7]_i_7_0[0]
    SLICE_X9Y21          LUT3 (Prop_lut3_I0_O)        0.153    16.446 r  ALU/result_reg[7]_i_26/O
                         net (fo=1, routed)           0.000    16.446    RegB/result_reg[6]_i_27[2]
    SLICE_X9Y21          CARRY4 (Prop_carry4_S[3]_CO[3])
                                                      0.233    16.679 r  RegB/result_reg_reg[7]_i_21/CO[3]
                         net (fo=1, routed)           0.000    16.679    RegB/result_reg_reg[7]_i_21_n_0
    SLICE_X9Y22          CARRY4 (Prop_carry4_CI_CO[3])
                                                      0.058    16.737 r  RegB/result_reg_reg[7]_i_16/CO[3]
                         net (fo=1, routed)           0.000    16.737    RegB/result_reg_reg[7]_i_16_n_0
    SLICE_X9Y23          CARRY4 (Prop_carry4_CI_CO[3])
                                                      0.058    16.795 r  RegB/result_reg_reg[7]_i_11/CO[3]
                         net (fo=1, routed)           0.000    16.795    RegB/result_reg_reg[7]_i_11_n_0
    SLICE_X9Y24          CARRY4 (Prop_carry4_CI_CO[3])
                                                      0.058    16.853 r  RegB/result_reg_reg[7]_i_8/CO[3]
                         net (fo=1, routed)           0.008    16.861    RegB/result_reg_reg[7]_i_8_n_0
    SLICE_X9Y25          CARRY4 (Prop_carry4_CI_CO[1])
                                                      0.094    16.955 r  RegB/result_reg_reg[7]_i_7/CO[1]
                         net (fo=20, routed)          0.857    17.813    ALU/result_reg_reg[6]_i_7_0[0]
    SLICE_X8Y22          LUT3 (Prop_lut3_I0_O)        0.152    17.965 r  ALU/result_reg[6]_i_28/O
                         net (fo=1, routed)           0.000    17.965    RegB/result_reg[5]_i_27[0]
    SLICE_X8Y22          CARRY4 (Prop_carry4_S[1]_CO[3])
                                                      0.310    18.275 r  RegB/result_reg_reg[6]_i_21/CO[3]
                         net (fo=1, routed)           0.000    18.275    RegB/result_reg_reg[6]_i_21_n_0
    SLICE_X8Y23          CARRY4 (Prop_carry4_CI_CO[3])
                                                      0.060    18.335 r  RegB/result_reg_reg[6]_i_16/CO[3]
                         net (fo=1, routed)           0.000    18.335    RegB/result_reg_reg[6]_i_16_n_0
    SLICE_X8Y24          CARRY4 (Prop_carry4_CI_CO[3])
                                                      0.060    18.395 r  RegB/result_reg_reg[6]_i_11/CO[3]
                         net (fo=1, routed)           0.008    18.403    RegB/result_reg_reg[6]_i_11_n_0
    SLICE_X8Y25          CARRY4 (Prop_carry4_CI_CO[3])
                                                      0.060    18.463 r  RegB/result_reg_reg[6]_i_8/CO[3]
                         net (fo=1, routed)           0.000    18.463    RegB/result_reg_reg[6]_i_8_n_0
    SLICE_X8Y26          CARRY4 (Prop_carry4_CI_CO[1])
                                                      0.093    18.556 r  RegB/result_reg_reg[6]_i_7/CO[1]
                         net (fo=20, routed)          0.838    19.394    RegB/q_reg_reg[15]_6[1]
    SLICE_X7Y18          LUT4 (Prop_lut4_I0_O)        0.153    19.547 r  RegB/result_reg[6]_i_6/O
                         net (fo=1, routed)           0.000    19.547    IR/result_reg_reg[6]_1
    SLICE_X7Y18          MUXF7 (Prop_muxf7_I1_O)      0.129    19.676 r  IR/result_reg_reg[6]_i_4/O
                         net (fo=1, routed)           0.779    20.455    IR/result_reg_reg[6]_i_4_n_0
    SLICE_X0Y17          LUT5 (Prop_lut5_I3_O)        0.153    20.608 r  IR/result_reg[6]_i_1/O
                         net (fo=1, routed)           0.000    20.608    ALU/D[6]
    SLICE_X0Y17          FDRE                                         r  ALU/result_reg_reg[6]/D
  -------------------------------------------------------------------    -------------------

Slack:                    inf
  Source:                 RegB/q_reg_reg[5]/C
                            (rising edge-triggered cell FDCE)
  Destination:            ALU/result_reg_reg[7]/D
  Path Group:             (none)
  Path Type:              Max at Slow Process Corner
  Data Path Delay:        18.841ns  (logic 6.996ns (37.132%)  route 11.845ns (62.868%))
  Logic Levels:           56  (CARRY4=43 FDCE=1 LUT1=1 LUT3=8 LUT4=1 LUT5=1 MUXF7=1)

    Location             Delay type                Incr(ns)  Path(ns)    Netlist Resource(s)
  -------------------------------------------------------------------    -------------------
    SLICE_X1Y19          FDCE                         0.000     0.000 r  RegB/q_reg_reg[5]/C
    SLICE_X1Y19          FDCE (Prop_fdce_C_Q)         0.269     0.269 f  RegB/q_reg_reg[5]/Q
                         net (fo=39, routed)          2.353     2.622    RegB/Q[5]
    SLICE_X0Y26          LUT1 (Prop_lut1_I0_O)        0.053     2.675 r  RegB/result_reg[15]_i_43/O
                         net (fo=1, routed)           0.000     2.675    RegB/result_reg[15]_i_43_n_0
    SLICE_X0Y26          CARRY4 (Prop_carry4_S[1]_CO[3])
                                                      0.324     2.999 r  RegB/result_reg_reg[15]_i_27/CO[3]
                         net (fo=1, routed)           0.000     2.999    RegB/result_reg_reg[15]_i_27_n_0
    SLICE_X0Y27          CARRY4 (Prop_carry4_CI_CO[3])
                                                      0.058     3.057 r  RegB/result_reg_reg[15]_i_18/CO[3]
                         net (fo=1, routed)           0.000     3.057    RegB/result_reg_reg[15]_i_18_n_0
    SLICE_X0Y28          CARRY4 (Prop_carry4_CI_CO[3])
                                                      0.058     3.115 r  RegB/result_reg_reg[15]_i_13/CO[3]
                         net (fo=1, routed)           0.000     3.115    RegB/result_reg_reg[15]_i_13_n_0
    SLICE_X0Y29          CARRY4 (Prop_carry4_CI_CO[0])
                                                      0.179     3.294 r  RegB/result_reg_reg[15]_i_11/CO[0]
                         net (fo=20, routed)          0.904     4.198    ALU/result_reg_reg[14]_i_7_0[0]
    SLICE_X1Y25          LUT3 (Prop_lut3_I0_O)        0.157     4.355 r  ALU/result_reg[14]_i_28/O
                         net (fo=1, routed)           0.000     4.355    RegB/result_reg[13]_i_27[0]
    SLICE_X1Y25          CARRY4 (Prop_carry4_S[1]_CO[3])
                                                      0.324     4.679 r  RegB/result_reg_reg[14]_i_21/CO[3]
                         net (fo=1, routed)           0.000     4.679    RegB/result_reg_reg[14]_i_21_n_0
    SLICE_X1Y26          CARRY4 (Prop_carry4_CI_CO[3])
                                                      0.058     4.737 r  RegB/result_reg_reg[14]_i_16/CO[3]
                         net (fo=1, routed)           0.000     4.737    RegB/result_reg_reg[14]_i_16_n_0
    SLICE_X1Y27          CARRY4 (Prop_carry4_CI_CO[3])
                                                      0.058     4.795 r  RegB/result_reg_reg[14]_i_11/CO[3]
                         net (fo=1, routed)           0.000     4.795    RegB/result_reg_reg[14]_i_11_n_0
    SLICE_X1Y28          CARRY4 (Prop_carry4_CI_CO[3])
                                                      0.058     4.853 r  RegB/result_reg_reg[14]_i_8/CO[3]
                         net (fo=1, routed)           0.000     4.853    RegB/result_reg_reg[14]_i_8_n_0
    SLICE_X1Y29          CARRY4 (Prop_carry4_CI_CO[1])
                                                      0.094     4.947 r  RegB/result_reg_reg[14]_i_7/CO[1]
                         net (fo=20, routed)          0.827     5.775    ALU/result_reg_reg[13]_i_7_0[0]
    SLICE_X2Y25          LUT3 (Prop_lut3_I0_O)        0.152     5.927 r  ALU/result_reg[13]_i_28/O
                         net (fo=1, routed)           0.000     5.927    RegB/result_reg[12]_i_28[0]
    SLICE_X2Y25          CARRY4 (Prop_carry4_S[1]_CO[3])
                                                      0.310     6.237 r  RegB/result_reg_reg[13]_i_21/CO[3]
                         net (fo=1, routed)           0.000     6.237    RegB/result_reg_reg[13]_i_21_n_0
    SLICE_X2Y26          CARRY4 (Prop_carry4_CI_CO[3])
                                                      0.060     6.297 r  RegB/result_reg_reg[13]_i_16/CO[3]
                         net (fo=1, routed)           0.000     6.297    RegB/result_reg_reg[13]_i_16_n_0
    SLICE_X2Y27          CARRY4 (Prop_carry4_CI_CO[3])
                                                      0.060     6.357 r  RegB/result_reg_reg[13]_i_11/CO[3]
                         net (fo=1, routed)           0.000     6.357    RegB/result_reg_reg[13]_i_11_n_0
    SLICE_X2Y28          CARRY4 (Prop_carry4_CI_CO[3])
                                                      0.060     6.417 r  RegB/result_reg_reg[13]_i_8/CO[3]
                         net (fo=1, routed)           0.000     6.417    RegB/result_reg_reg[13]_i_8_n_0
    SLICE_X2Y29          CARRY4 (Prop_carry4_CI_CO[1])
                                                      0.093     6.510 r  RegB/result_reg_reg[13]_i_7/CO[1]
                         net (fo=20, routed)          1.177     7.687    ALU/result_reg_reg[12]_i_8_0[0]
    SLICE_X3Y23          LUT3 (Prop_lut3_I0_O)        0.153     7.840 r  ALU/result_reg[12]_i_29/O
                         net (fo=1, routed)           0.000     7.840    RegB/result_reg[11]_i_27[0]
    SLICE_X3Y23          CARRY4 (Prop_carry4_S[1]_CO[3])
                                                      0.324     8.164 r  RegB/result_reg_reg[12]_i_22/CO[3]
                         net (fo=1, routed)           0.000     8.164    RegB/result_reg_reg[12]_i_22_n_0
    SLICE_X3Y24          CARRY4 (Prop_carry4_CI_CO[3])
                                                      0.058     8.222 r  RegB/result_reg_reg[12]_i_17/CO[3]
                         net (fo=1, routed)           0.008     8.230    RegB/result_reg_reg[12]_i_17_n_0
    SLICE_X3Y25          CARRY4 (Prop_carry4_CI_CO[3])
                                                      0.058     8.288 r  RegB/result_reg_reg[12]_i_12/CO[3]
                         net (fo=1, routed)           0.000     8.288    RegB/result_reg_reg[12]_i_12_n_0
    SLICE_X3Y26          CARRY4 (Prop_carry4_CI_CO[3])
                                                      0.058     8.346 r  RegB/result_reg_reg[12]_i_9/CO[3]
                         net (fo=1, routed)           0.000     8.346    RegB/result_reg_reg[12]_i_9_n_0
    SLICE_X3Y27          CARRY4 (Prop_carry4_CI_CO[1])
                                                      0.094     8.440 r  RegB/result_reg_reg[12]_i_8/CO[1]
                         net (fo=20, routed)          0.974     9.414    ALU/result_reg_reg[11]_i_7_0[0]
    SLICE_X4Y23          LUT3 (Prop_lut3_I0_O)        0.152     9.566 r  ALU/result_reg[11]_i_24/O
                         net (fo=1, routed)           0.000     9.566    RegB/result_reg[10]_i_24[1]
    SLICE_X4Y23          CARRY4 (Prop_carry4_S[1]_CO[3])
                                                      0.324     9.890 r  RegB/result_reg_reg[11]_i_16/CO[3]
                         net (fo=1, routed)           0.000     9.890    RegB/result_reg_reg[11]_i_16_n_0
    SLICE_X4Y24          CARRY4 (Prop_carry4_CI_CO[3])
                                                      0.058     9.948 r  RegB/result_reg_reg[11]_i_11/CO[3]
                         net (fo=1, routed)           0.008     9.955    RegB/result_reg_reg[11]_i_11_n_0
    SLICE_X4Y25          CARRY4 (Prop_carry4_CI_CO[3])
                                                      0.058    10.013 r  RegB/result_reg_reg[11]_i_8/CO[3]
                         net (fo=1, routed)           0.000    10.013    RegB/result_reg_reg[11]_i_8_n_0
    SLICE_X4Y26          CARRY4 (Prop_carry4_CI_CO[1])
                                                      0.094    10.107 r  RegB/result_reg_reg[11]_i_7/CO[1]
                         net (fo=20, routed)          0.893    11.001    ALU/result_reg_reg[10]_i_7_0[0]
    SLICE_X5Y22          LUT3 (Prop_lut3_I0_O)        0.152    11.153 r  ALU/result_reg[10]_i_26/O
                         net (fo=1, routed)           0.000    11.153    RegB/result_reg[9]_i_27[2]
    SLICE_X5Y22          CARRY4 (Prop_carry4_S[3]_CO[3])
                                                      0.233    11.386 r  RegB/result_reg_reg[10]_i_21/CO[3]
                         net (fo=1, routed)           0.000    11.386    RegB/result_reg_reg[10]_i_21_n_0
    SLICE_X5Y23          CARRY4 (Prop_carry4_CI_CO[3])
                                                      0.058    11.444 r  RegB/result_reg_reg[10]_i_16/CO[3]
                         net (fo=1, routed)           0.000    11.444    RegB/result_reg_reg[10]_i_16_n_0
    SLICE_X5Y24          CARRY4 (Prop_carry4_CI_CO[3])
                                                      0.058    11.502 r  RegB/result_reg_reg[10]_i_11/CO[3]
                         net (fo=1, routed)           0.008    11.510    RegB/result_reg_reg[10]_i_11_n_0
    SLICE_X5Y25          CARRY4 (Prop_carry4_CI_CO[3])
                                                      0.058    11.568 r  RegB/result_reg_reg[10]_i_8/CO[3]
                         net (fo=1, routed)           0.000    11.568    RegB/result_reg_reg[10]_i_8_n_0
    SLICE_X5Y26          CARRY4 (Prop_carry4_CI_CO[1])
                                                      0.094    11.662 r  RegB/result_reg_reg[10]_i_7/CO[1]
                         net (fo=20, routed)          0.976    12.638    ALU/result_reg_reg[9]_i_7_0[0]
    SLICE_X7Y21          LUT3 (Prop_lut3_I0_O)        0.152    12.790 r  ALU/result_reg[9]_i_28/O
                         net (fo=1, routed)           0.000    12.790    RegB/result_reg[8]_i_28[0]
    SLICE_X7Y21          CARRY4 (Prop_carry4_S[1]_CO[3])
                                                      0.324    13.114 r  RegB/result_reg_reg[9]_i_21/CO[3]
                         net (fo=1, routed)           0.000    13.114    RegB/result_reg_reg[9]_i_21_n_0
    SLICE_X7Y22          CARRY4 (Prop_carry4_CI_CO[3])
                                                      0.058    13.172 r  RegB/result_reg_reg[9]_i_16/CO[3]
                         net (fo=1, routed)           0.000    13.172    RegB/result_reg_reg[9]_i_16_n_0
    SLICE_X7Y23          CARRY4 (Prop_carry4_CI_CO[3])
                                                      0.058    13.230 r  RegB/result_reg_reg[9]_i_11/CO[3]
                         net (fo=1, routed)           0.000    13.230    RegB/result_reg_reg[9]_i_11_n_0
    SLICE_X7Y24          CARRY4 (Prop_carry4_CI_CO[3])
                                                      0.058    13.288 r  RegB/result_reg_reg[9]_i_8/CO[3]
                         net (fo=1, routed)           0.008    13.296    RegB/result_reg_reg[9]_i_8_n_0
    SLICE_X7Y25          CARRY4 (Prop_carry4_CI_CO[1])
                                                      0.094    13.390 r  RegB/result_reg_reg[9]_i_7/CO[1]
                         net (fo=20, routed)          1.111    14.500    ALU/result_reg_reg[8]_i_8_0[0]
    SLICE_X6Y21          LUT3 (Prop_lut3_I0_O)        0.152    14.652 r  ALU/result_reg[8]_i_27/O
                         net (fo=1, routed)           0.000    14.652    RegB/result_reg[7]_i_27[2]
    SLICE_X6Y21          CARRY4 (Prop_carry4_S[3]_CO[3])
                                                      0.216    14.868 r  RegB/result_reg_reg[8]_i_22/CO[3]
                         net (fo=1, routed)           0.000    14.868    RegB/result_reg_reg[8]_i_22_n_0
    SLICE_X6Y22          CARRY4 (Prop_carry4_CI_CO[3])
                                                      0.060    14.928 r  RegB/result_reg_reg[8]_i_17/CO[3]
                         net (fo=1, routed)           0.000    14.928    RegB/result_reg_reg[8]_i_17_n_0
    SLICE_X6Y23          CARRY4 (Prop_carry4_CI_CO[3])
                                                      0.060    14.988 r  RegB/result_reg_reg[8]_i_12/CO[3]
                         net (fo=1, routed)           0.000    14.988    RegB/result_reg_reg[8]_i_12_n_0
    SLICE_X6Y24          CARRY4 (Prop_carry4_CI_CO[3])
                                                      0.060    15.048 r  RegB/result_reg_reg[8]_i_9/CO[3]
                         net (fo=1, routed)           0.008    15.056    RegB/result_reg_reg[8]_i_9_n_0
    SLICE_X6Y25          CARRY4 (Prop_carry4_CI_CO[1])
                                                      0.093    15.149 r  RegB/result_reg_reg[8]_i_8/CO[1]
                         net (fo=20, routed)          1.144    16.293    ALU/result_reg_reg[7]_i_7_0[0]
    SLICE_X9Y21          LUT3 (Prop_lut3_I0_O)        0.153    16.446 r  ALU/result_reg[7]_i_26/O
                         net (fo=1, routed)           0.000    16.446    RegB/result_reg[6]_i_27[2]
    SLICE_X9Y21          CARRY4 (Prop_carry4_S[3]_CO[3])
                                                      0.233    16.679 r  RegB/result_reg_reg[7]_i_21/CO[3]
                         net (fo=1, routed)           0.000    16.679    RegB/result_reg_reg[7]_i_21_n_0
    SLICE_X9Y22          CARRY4 (Prop_carry4_CI_CO[3])
                                                      0.058    16.737 r  RegB/result_reg_reg[7]_i_16/CO[3]
                         net (fo=1, routed)           0.000    16.737    RegB/result_reg_reg[7]_i_16_n_0
    SLICE_X9Y23          CARRY4 (Prop_carry4_CI_CO[3])
                                                      0.058    16.795 r  RegB/result_reg_reg[7]_i_11/CO[3]
                         net (fo=1, routed)           0.000    16.795    RegB/result_reg_reg[7]_i_11_n_0
    SLICE_X9Y24          CARRY4 (Prop_carry4_CI_CO[3])
                                                      0.058    16.853 r  RegB/result_reg_reg[7]_i_8/CO[3]
                         net (fo=1, routed)           0.008    16.861    RegB/result_reg_reg[7]_i_8_n_0
    SLICE_X9Y25          CARRY4 (Prop_carry4_CI_CO[1])
                                                      0.094    16.955 r  RegB/result_reg_reg[7]_i_7/CO[1]
                         net (fo=20, routed)          0.980    17.935    RegB/q_reg_reg[15]_7[1]
    SLICE_X5Y16          LUT4 (Prop_lut4_I0_O)        0.152    18.087 r  RegB/result_reg[7]_i_6/O
                         net (fo=1, routed)           0.000    18.087    IR/result_reg_reg[7]_1
    SLICE_X5Y16          MUXF7 (Prop_muxf7_I1_O)      0.145    18.232 r  IR/result_reg_reg[7]_i_4/O
                         net (fo=1, routed)           0.458    18.690    IR/result_reg_reg[7]_i_4_n_0
    SLICE_X0Y16          LUT5 (Prop_lut5_I3_O)        0.151    18.841 r  IR/result_reg[7]_i_1/O
                         net (fo=1, routed)           0.000    18.841    ALU/D[7]
    SLICE_X0Y16          FDRE                                         r  ALU/result_reg_reg[7]/D
  -------------------------------------------------------------------    -------------------

Slack:                    inf
  Source:                 RegB/q_reg_reg[5]/C
                            (rising edge-triggered cell FDCE)
  Destination:            ALU/result_reg_reg[8]/D
  Path Group:             (none)
  Path Type:              Max at Slow Process Corner
  Data Path Delay:        17.546ns  (logic 6.329ns (36.072%)  route 11.217ns (63.928%))
  Logic Levels:           50  (CARRY4=38 FDCE=1 LUT1=1 LUT3=7 LUT4=1 LUT5=1 MUXF7=1)

    Location             Delay type                Incr(ns)  Path(ns)    Netlist Resource(s)
  -------------------------------------------------------------------    -------------------
    SLICE_X1Y19          FDCE                         0.000     0.000 r  RegB/q_reg_reg[5]/C
    SLICE_X1Y19          FDCE (Prop_fdce_C_Q)         0.269     0.269 f  RegB/q_reg_reg[5]/Q
                         net (fo=39, routed)          2.353     2.622    RegB/Q[5]
    SLICE_X0Y26          LUT1 (Prop_lut1_I0_O)        0.053     2.675 r  RegB/result_reg[15]_i_43/O
                         net (fo=1, routed)           0.000     2.675    RegB/result_reg[15]_i_43_n_0
    SLICE_X0Y26          CARRY4 (Prop_carry4_S[1]_CO[3])
                                                      0.324     2.999 r  RegB/result_reg_reg[15]_i_27/CO[3]
                         net (fo=1, routed)           0.000     2.999    RegB/result_reg_reg[15]_i_27_n_0
    SLICE_X0Y27          CARRY4 (Prop_carry4_CI_CO[3])
                                                      0.058     3.057 r  RegB/result_reg_reg[15]_i_18/CO[3]
                         net (fo=1, routed)           0.000     3.057    RegB/result_reg_reg[15]_i_18_n_0
    SLICE_X0Y28          CARRY4 (Prop_carry4_CI_CO[3])
                                                      0.058     3.115 r  RegB/result_reg_reg[15]_i_13/CO[3]
                         net (fo=1, routed)           0.000     3.115    RegB/result_reg_reg[15]_i_13_n_0
    SLICE_X0Y29          CARRY4 (Prop_carry4_CI_CO[0])
                                                      0.179     3.294 r  RegB/result_reg_reg[15]_i_11/CO[0]
                         net (fo=20, routed)          0.904     4.198    ALU/result_reg_reg[14]_i_7_0[0]
    SLICE_X1Y25          LUT3 (Prop_lut3_I0_O)        0.157     4.355 r  ALU/result_reg[14]_i_28/O
                         net (fo=1, routed)           0.000     4.355    RegB/result_reg[13]_i_27[0]
    SLICE_X1Y25          CARRY4 (Prop_carry4_S[1]_CO[3])
                                                      0.324     4.679 r  RegB/result_reg_reg[14]_i_21/CO[3]
                         net (fo=1, routed)           0.000     4.679    RegB/result_reg_reg[14]_i_21_n_0
    SLICE_X1Y26          CARRY4 (Prop_carry4_CI_CO[3])
                                                      0.058     4.737 r  RegB/result_reg_reg[14]_i_16/CO[3]
                         net (fo=1, routed)           0.000     4.737    RegB/result_reg_reg[14]_i_16_n_0
    SLICE_X1Y27          CARRY4 (Prop_carry4_CI_CO[3])
                                                      0.058     4.795 r  RegB/result_reg_reg[14]_i_11/CO[3]
                         net (fo=1, routed)           0.000     4.795    RegB/result_reg_reg[14]_i_11_n_0
    SLICE_X1Y28          CARRY4 (Prop_carry4_CI_CO[3])
                                                      0.058     4.853 r  RegB/result_reg_reg[14]_i_8/CO[3]
                         net (fo=1, routed)           0.000     4.853    RegB/result_reg_reg[14]_i_8_n_0
    SLICE_X1Y29          CARRY4 (Prop_carry4_CI_CO[1])
                                                      0.094     4.947 r  RegB/result_reg_reg[14]_i_7/CO[1]
                         net (fo=20, routed)          0.827     5.775    ALU/result_reg_reg[13]_i_7_0[0]
    SLICE_X2Y25          LUT3 (Prop_lut3_I0_O)        0.152     5.927 r  ALU/result_reg[13]_i_28/O
                         net (fo=1, routed)           0.000     5.927    RegB/result_reg[12]_i_28[0]
    SLICE_X2Y25          CARRY4 (Prop_carry4_S[1]_CO[3])
                                                      0.310     6.237 r  RegB/result_reg_reg[13]_i_21/CO[3]
                         net (fo=1, routed)           0.000     6.237    RegB/result_reg_reg[13]_i_21_n_0
    SLICE_X2Y26          CARRY4 (Prop_carry4_CI_CO[3])
                                                      0.060     6.297 r  RegB/result_reg_reg[13]_i_16/CO[3]
                         net (fo=1, routed)           0.000     6.297    RegB/result_reg_reg[13]_i_16_n_0
    SLICE_X2Y27          CARRY4 (Prop_carry4_CI_CO[3])
                                                      0.060     6.357 r  RegB/result_reg_reg[13]_i_11/CO[3]
                         net (fo=1, routed)           0.000     6.357    RegB/result_reg_reg[13]_i_11_n_0
    SLICE_X2Y28          CARRY4 (Prop_carry4_CI_CO[3])
                                                      0.060     6.417 r  RegB/result_reg_reg[13]_i_8/CO[3]
                         net (fo=1, routed)           0.000     6.417    RegB/result_reg_reg[13]_i_8_n_0
    SLICE_X2Y29          CARRY4 (Prop_carry4_CI_CO[1])
                                                      0.093     6.510 r  RegB/result_reg_reg[13]_i_7/CO[1]
                         net (fo=20, routed)          1.177     7.687    ALU/result_reg_reg[12]_i_8_0[0]
    SLICE_X3Y23          LUT3 (Prop_lut3_I0_O)        0.153     7.840 r  ALU/result_reg[12]_i_29/O
                         net (fo=1, routed)           0.000     7.840    RegB/result_reg[11]_i_27[0]
    SLICE_X3Y23          CARRY4 (Prop_carry4_S[1]_CO[3])
                                                      0.324     8.164 r  RegB/result_reg_reg[12]_i_22/CO[3]
                         net (fo=1, routed)           0.000     8.164    RegB/result_reg_reg[12]_i_22_n_0
    SLICE_X3Y24          CARRY4 (Prop_carry4_CI_CO[3])
                                                      0.058     8.222 r  RegB/result_reg_reg[12]_i_17/CO[3]
                         net (fo=1, routed)           0.008     8.230    RegB/result_reg_reg[12]_i_17_n_0
    SLICE_X3Y25          CARRY4 (Prop_carry4_CI_CO[3])
                                                      0.058     8.288 r  RegB/result_reg_reg[12]_i_12/CO[3]
                         net (fo=1, routed)           0.000     8.288    RegB/result_reg_reg[12]_i_12_n_0
    SLICE_X3Y26          CARRY4 (Prop_carry4_CI_CO[3])
                                                      0.058     8.346 r  RegB/result_reg_reg[12]_i_9/CO[3]
                         net (fo=1, routed)           0.000     8.346    RegB/result_reg_reg[12]_i_9_n_0
    SLICE_X3Y27          CARRY4 (Prop_carry4_CI_CO[1])
                                                      0.094     8.440 r  RegB/result_reg_reg[12]_i_8/CO[1]
                         net (fo=20, routed)          0.974     9.414    ALU/result_reg_reg[11]_i_7_0[0]
    SLICE_X4Y23          LUT3 (Prop_lut3_I0_O)        0.152     9.566 r  ALU/result_reg[11]_i_24/O
                         net (fo=1, routed)           0.000     9.566    RegB/result_reg[10]_i_24[1]
    SLICE_X4Y23          CARRY4 (Prop_carry4_S[1]_CO[3])
                                                      0.324     9.890 r  RegB/result_reg_reg[11]_i_16/CO[3]
                         net (fo=1, routed)           0.000     9.890    RegB/result_reg_reg[11]_i_16_n_0
    SLICE_X4Y24          CARRY4 (Prop_carry4_CI_CO[3])
                                                      0.058     9.948 r  RegB/result_reg_reg[11]_i_11/CO[3]
                         net (fo=1, routed)           0.008     9.955    RegB/result_reg_reg[11]_i_11_n_0
    SLICE_X4Y25          CARRY4 (Prop_carry4_CI_CO[3])
                                                      0.058    10.013 r  RegB/result_reg_reg[11]_i_8/CO[3]
                         net (fo=1, routed)           0.000    10.013    RegB/result_reg_reg[11]_i_8_n_0
    SLICE_X4Y26          CARRY4 (Prop_carry4_CI_CO[1])
                                                      0.094    10.107 r  RegB/result_reg_reg[11]_i_7/CO[1]
                         net (fo=20, routed)          0.893    11.001    ALU/result_reg_reg[10]_i_7_0[0]
    SLICE_X5Y22          LUT3 (Prop_lut3_I0_O)        0.152    11.153 r  ALU/result_reg[10]_i_26/O
                         net (fo=1, routed)           0.000    11.153    RegB/result_reg[9]_i_27[2]
    SLICE_X5Y22          CARRY4 (Prop_carry4_S[3]_CO[3])
                                                      0.233    11.386 r  RegB/result_reg_reg[10]_i_21/CO[3]
                         net (fo=1, routed)           0.000    11.386    RegB/result_reg_reg[10]_i_21_n_0
    SLICE_X5Y23          CARRY4 (Prop_carry4_CI_CO[3])
                                                      0.058    11.444 r  RegB/result_reg_reg[10]_i_16/CO[3]
                         net (fo=1, routed)           0.000    11.444    RegB/result_reg_reg[10]_i_16_n_0
    SLICE_X5Y24          CARRY4 (Prop_carry4_CI_CO[3])
                                                      0.058    11.502 r  RegB/result_reg_reg[10]_i_11/CO[3]
                         net (fo=1, routed)           0.008    11.510    RegB/result_reg_reg[10]_i_11_n_0
    SLICE_X5Y25          CARRY4 (Prop_carry4_CI_CO[3])
                                                      0.058    11.568 r  RegB/result_reg_reg[10]_i_8/CO[3]
                         net (fo=1, routed)           0.000    11.568    RegB/result_reg_reg[10]_i_8_n_0
    SLICE_X5Y26          CARRY4 (Prop_carry4_CI_CO[1])
                                                      0.094    11.662 r  RegB/result_reg_reg[10]_i_7/CO[1]
                         net (fo=20, routed)          0.976    12.638    ALU/result_reg_reg[9]_i_7_0[0]
    SLICE_X7Y21          LUT3 (Prop_lut3_I0_O)        0.152    12.790 r  ALU/result_reg[9]_i_28/O
                         net (fo=1, routed)           0.000    12.790    RegB/result_reg[8]_i_28[0]
    SLICE_X7Y21          CARRY4 (Prop_carry4_S[1]_CO[3])
                                                      0.324    13.114 r  RegB/result_reg_reg[9]_i_21/CO[3]
                         net (fo=1, routed)           0.000    13.114    RegB/result_reg_reg[9]_i_21_n_0
    SLICE_X7Y22          CARRY4 (Prop_carry4_CI_CO[3])
                                                      0.058    13.172 r  RegB/result_reg_reg[9]_i_16/CO[3]
                         net (fo=1, routed)           0.000    13.172    RegB/result_reg_reg[9]_i_16_n_0
    SLICE_X7Y23          CARRY4 (Prop_carry4_CI_CO[3])
                                                      0.058    13.230 r  RegB/result_reg_reg[9]_i_11/CO[3]
                         net (fo=1, routed)           0.000    13.230    RegB/result_reg_reg[9]_i_11_n_0
    SLICE_X7Y24          CARRY4 (Prop_carry4_CI_CO[3])
                                                      0.058    13.288 r  RegB/result_reg_reg[9]_i_8/CO[3]
                         net (fo=1, routed)           0.008    13.296    RegB/result_reg_reg[9]_i_8_n_0
    SLICE_X7Y25          CARRY4 (Prop_carry4_CI_CO[1])
                                                      0.094    13.390 r  RegB/result_reg_reg[9]_i_7/CO[1]
                         net (fo=20, routed)          1.111    14.500    ALU/result_reg_reg[8]_i_8_0[0]
    SLICE_X6Y21          LUT3 (Prop_lut3_I0_O)        0.152    14.652 r  ALU/result_reg[8]_i_27/O
                         net (fo=1, routed)           0.000    14.652    RegB/result_reg[7]_i_27[2]
    SLICE_X6Y21          CARRY4 (Prop_carry4_S[3]_CO[3])
                                                      0.216    14.868 r  RegB/result_reg_reg[8]_i_22/CO[3]
                         net (fo=1, routed)           0.000    14.868    RegB/result_reg_reg[8]_i_22_n_0
    SLICE_X6Y22          CARRY4 (Prop_carry4_CI_CO[3])
                                                      0.060    14.928 r  RegB/result_reg_reg[8]_i_17/CO[3]
                         net (fo=1, routed)           0.000    14.928    RegB/result_reg_reg[8]_i_17_n_0
    SLICE_X6Y23          CARRY4 (Prop_carry4_CI_CO[3])
                                                      0.060    14.988 r  RegB/result_reg_reg[8]_i_12/CO[3]
                         net (fo=1, routed)           0.000    14.988    RegB/result_reg_reg[8]_i_12_n_0
    SLICE_X6Y24          CARRY4 (Prop_carry4_CI_CO[3])
                                                      0.060    15.048 r  RegB/result_reg_reg[8]_i_9/CO[3]
                         net (fo=1, routed)           0.008    15.056    RegB/result_reg_reg[8]_i_9_n_0
    SLICE_X6Y25          CARRY4 (Prop_carry4_CI_CO[1])
                                                      0.093    15.149 r  RegB/result_reg_reg[8]_i_8/CO[1]
                         net (fo=20, routed)          1.238    16.388    RegB/q_reg_reg[15]_8[1]
    SLICE_X7Y19          LUT4 (Prop_lut4_I0_O)        0.153    16.541 r  RegB/result_reg[8]_i_7/O
                         net (fo=1, routed)           0.000    16.541    IR/result_reg_reg[8]_1
    SLICE_X7Y19          MUXF7 (Prop_muxf7_I1_O)      0.129    16.670 r  IR/result_reg_reg[8]_i_4/O
                         net (fo=1, routed)           0.723    17.393    IR/result_reg_reg[8]_i_4_n_0
    SLICE_X1Y16          LUT5 (Prop_lut5_I3_O)        0.153    17.546 r  IR/result_reg[8]_i_1/O
                         net (fo=1, routed)           0.000    17.546    ALU/D[8]
    SLICE_X1Y16          FDRE                                         r  ALU/result_reg_reg[8]/D
  -------------------------------------------------------------------    -------------------

Slack:                    inf
  Source:                 RegB/q_reg_reg[5]/C
                            (rising edge-triggered cell FDCE)
  Destination:            ALU/result_reg_reg[9]/D
  Path Group:             (none)
  Path Type:              Max at Slow Process Corner
  Data Path Delay:        15.615ns  (logic 5.701ns (36.509%)  route 9.914ns (63.491%))
  Logic Levels:           44  (CARRY4=33 FDCE=1 LUT1=1 LUT3=6 LUT4=1 LUT5=1 MUXF7=1)

    Location             Delay type                Incr(ns)  Path(ns)    Netlist Resource(s)
  -------------------------------------------------------------------    -------------------
    SLICE_X1Y19          FDCE                         0.000     0.000 r  RegB/q_reg_reg[5]/C
    SLICE_X1Y19          FDCE (Prop_fdce_C_Q)         0.269     0.269 f  RegB/q_reg_reg[5]/Q
                         net (fo=39, routed)          2.353     2.622    RegB/Q[5]
    SLICE_X0Y26          LUT1 (Prop_lut1_I0_O)        0.053     2.675 r  RegB/result_reg[15]_i_43/O
                         net (fo=1, routed)           0.000     2.675    RegB/result_reg[15]_i_43_n_0
    SLICE_X0Y26          CARRY4 (Prop_carry4_S[1]_CO[3])
                                                      0.324     2.999 r  RegB/result_reg_reg[15]_i_27/CO[3]
                         net (fo=1, routed)           0.000     2.999    RegB/result_reg_reg[15]_i_27_n_0
    SLICE_X0Y27          CARRY4 (Prop_carry4_CI_CO[3])
                                                      0.058     3.057 r  RegB/result_reg_reg[15]_i_18/CO[3]
                         net (fo=1, routed)           0.000     3.057    RegB/result_reg_reg[15]_i_18_n_0
    SLICE_X0Y28          CARRY4 (Prop_carry4_CI_CO[3])
                                                      0.058     3.115 r  RegB/result_reg_reg[15]_i_13/CO[3]
                         net (fo=1, routed)           0.000     3.115    RegB/result_reg_reg[15]_i_13_n_0
    SLICE_X0Y29          CARRY4 (Prop_carry4_CI_CO[0])
                                                      0.179     3.294 r  RegB/result_reg_reg[15]_i_11/CO[0]
                         net (fo=20, routed)          0.904     4.198    ALU/result_reg_reg[14]_i_7_0[0]
    SLICE_X1Y25          LUT3 (Prop_lut3_I0_O)        0.157     4.355 r  ALU/result_reg[14]_i_28/O
                         net (fo=1, routed)           0.000     4.355    RegB/result_reg[13]_i_27[0]
    SLICE_X1Y25          CARRY4 (Prop_carry4_S[1]_CO[3])
                                                      0.324     4.679 r  RegB/result_reg_reg[14]_i_21/CO[3]
                         net (fo=1, routed)           0.000     4.679    RegB/result_reg_reg[14]_i_21_n_0
    SLICE_X1Y26          CARRY4 (Prop_carry4_CI_CO[3])
                                                      0.058     4.737 r  RegB/result_reg_reg[14]_i_16/CO[3]
                         net (fo=1, routed)           0.000     4.737    RegB/result_reg_reg[14]_i_16_n_0
    SLICE_X1Y27          CARRY4 (Prop_carry4_CI_CO[3])
                                                      0.058     4.795 r  RegB/result_reg_reg[14]_i_11/CO[3]
                         net (fo=1, routed)           0.000     4.795    RegB/result_reg_reg[14]_i_11_n_0
    SLICE_X1Y28          CARRY4 (Prop_carry4_CI_CO[3])
                                                      0.058     4.853 r  RegB/result_reg_reg[14]_i_8/CO[3]
                         net (fo=1, routed)           0.000     4.853    RegB/result_reg_reg[14]_i_8_n_0
    SLICE_X1Y29          CARRY4 (Prop_carry4_CI_CO[1])
                                                      0.094     4.947 r  RegB/result_reg_reg[14]_i_7/CO[1]
                         net (fo=20, routed)          0.827     5.775    ALU/result_reg_reg[13]_i_7_0[0]
    SLICE_X2Y25          LUT3 (Prop_lut3_I0_O)        0.152     5.927 r  ALU/result_reg[13]_i_28/O
                         net (fo=1, routed)           0.000     5.927    RegB/result_reg[12]_i_28[0]
    SLICE_X2Y25          CARRY4 (Prop_carry4_S[1]_CO[3])
                                                      0.310     6.237 r  RegB/result_reg_reg[13]_i_21/CO[3]
                         net (fo=1, routed)           0.000     6.237    RegB/result_reg_reg[13]_i_21_n_0
    SLICE_X2Y26          CARRY4 (Prop_carry4_CI_CO[3])
                                                      0.060     6.297 r  RegB/result_reg_reg[13]_i_16/CO[3]
                         net (fo=1, routed)           0.000     6.297    RegB/result_reg_reg[13]_i_16_n_0
    SLICE_X2Y27          CARRY4 (Prop_carry4_CI_CO[3])
                                                      0.060     6.357 r  RegB/result_reg_reg[13]_i_11/CO[3]
                         net (fo=1, routed)           0.000     6.357    RegB/result_reg_reg[13]_i_11_n_0
    SLICE_X2Y28          CARRY4 (Prop_carry4_CI_CO[3])
                                                      0.060     6.417 r  RegB/result_reg_reg[13]_i_8/CO[3]
                         net (fo=1, routed)           0.000     6.417    RegB/result_reg_reg[13]_i_8_n_0
    SLICE_X2Y29          CARRY4 (Prop_carry4_CI_CO[1])
                                                      0.093     6.510 r  RegB/result_reg_reg[13]_i_7/CO[1]
                         net (fo=20, routed)          1.177     7.687    ALU/result_reg_reg[12]_i_8_0[0]
    SLICE_X3Y23          LUT3 (Prop_lut3_I0_O)        0.153     7.840 r  ALU/result_reg[12]_i_29/O
                         net (fo=1, routed)           0.000     7.840    RegB/result_reg[11]_i_27[0]
    SLICE_X3Y23          CARRY4 (Prop_carry4_S[1]_CO[3])
                                                      0.324     8.164 r  RegB/result_reg_reg[12]_i_22/CO[3]
                         net (fo=1, routed)           0.000     8.164    RegB/result_reg_reg[12]_i_22_n_0
    SLICE_X3Y24          CARRY4 (Prop_carry4_CI_CO[3])
                                                      0.058     8.222 r  RegB/result_reg_reg[12]_i_17/CO[3]
                         net (fo=1, routed)           0.008     8.230    RegB/result_reg_reg[12]_i_17_n_0
    SLICE_X3Y25          CARRY4 (Prop_carry4_CI_CO[3])
                                                      0.058     8.288 r  RegB/result_reg_reg[12]_i_12/CO[3]
                         net (fo=1, routed)           0.000     8.288    RegB/result_reg_reg[12]_i_12_n_0
    SLICE_X3Y26          CARRY4 (Prop_carry4_CI_CO[3])
                                                      0.058     8.346 r  RegB/result_reg_reg[12]_i_9/CO[3]
                         net (fo=1, routed)           0.000     8.346    RegB/result_reg_reg[12]_i_9_n_0
    SLICE_X3Y27          CARRY4 (Prop_carry4_CI_CO[1])
                                                      0.094     8.440 r  RegB/result_reg_reg[12]_i_8/CO[1]
                         net (fo=20, routed)          0.974     9.414    ALU/result_reg_reg[11]_i_7_0[0]
    SLICE_X4Y23          LUT3 (Prop_lut3_I0_O)        0.152     9.566 r  ALU/result_reg[11]_i_24/O
                         net (fo=1, routed)           0.000     9.566    RegB/result_reg[10]_i_24[1]
    SLICE_X4Y23          CARRY4 (Prop_carry4_S[1]_CO[3])
                                                      0.324     9.890 r  RegB/result_reg_reg[11]_i_16/CO[3]
                         net (fo=1, routed)           0.000     9.890    RegB/result_reg_reg[11]_i_16_n_0
    SLICE_X4Y24          CARRY4 (Prop_carry4_CI_CO[3])
                                                      0.058     9.948 r  RegB/result_reg_reg[11]_i_11/CO[3]
                         net (fo=1, routed)           0.008     9.955    RegB/result_reg_reg[11]_i_11_n_0
    SLICE_X4Y25          CARRY4 (Prop_carry4_CI_CO[3])
                                                      0.058    10.013 r  RegB/result_reg_reg[11]_i_8/CO[3]
                         net (fo=1, routed)           0.000    10.013    RegB/result_reg_reg[11]_i_8_n_0
    SLICE_X4Y26          CARRY4 (Prop_carry4_CI_CO[1])
                                                      0.094    10.107 r  RegB/result_reg_reg[11]_i_7/CO[1]
                         net (fo=20, routed)          0.893    11.001    ALU/result_reg_reg[10]_i_7_0[0]
    SLICE_X5Y22          LUT3 (Prop_lut3_I0_O)        0.152    11.153 r  ALU/result_reg[10]_i_26/O
                         net (fo=1, routed)           0.000    11.153    RegB/result_reg[9]_i_27[2]
    SLICE_X5Y22          CARRY4 (Prop_carry4_S[3]_CO[3])
                                                      0.233    11.386 r  RegB/result_reg_reg[10]_i_21/CO[3]
                         net (fo=1, routed)           0.000    11.386    RegB/result_reg_reg[10]_i_21_n_0
    SLICE_X5Y23          CARRY4 (Prop_carry4_CI_CO[3])
                                                      0.058    11.444 r  RegB/result_reg_reg[10]_i_16/CO[3]
                         net (fo=1, routed)           0.000    11.444    RegB/result_reg_reg[10]_i_16_n_0
    SLICE_X5Y24          CARRY4 (Prop_carry4_CI_CO[3])
                                                      0.058    11.502 r  RegB/result_reg_reg[10]_i_11/CO[3]
                         net (fo=1, routed)           0.008    11.510    RegB/result_reg_reg[10]_i_11_n_0
    SLICE_X5Y25          CARRY4 (Prop_carry4_CI_CO[3])
                                                      0.058    11.568 r  RegB/result_reg_reg[10]_i_8/CO[3]
                         net (fo=1, routed)           0.000    11.568    RegB/result_reg_reg[10]_i_8_n_0
    SLICE_X5Y26          CARRY4 (Prop_carry4_CI_CO[1])
                                                      0.094    11.662 r  RegB/result_reg_reg[10]_i_7/CO[1]
                         net (fo=20, routed)          0.976    12.638    ALU/result_reg_reg[9]_i_7_0[0]
    SLICE_X7Y21          LUT3 (Prop_lut3_I0_O)        0.152    12.790 r  ALU/result_reg[9]_i_28/O
                         net (fo=1, routed)           0.000    12.790    RegB/result_reg[8]_i_28[0]
    SLICE_X7Y21          CARRY4 (Prop_carry4_S[1]_CO[3])
                                                      0.324    13.114 r  RegB/result_reg_reg[9]_i_21/CO[3]
                         net (fo=1, routed)           0.000    13.114    RegB/result_reg_reg[9]_i_21_n_0
    SLICE_X7Y22          CARRY4 (Prop_carry4_CI_CO[3])
                                                      0.058    13.172 r  RegB/result_reg_reg[9]_i_16/CO[3]
                         net (fo=1, routed)           0.000    13.172    RegB/result_reg_reg[9]_i_16_n_0
    SLICE_X7Y23          CARRY4 (Prop_carry4_CI_CO[3])
                                                      0.058    13.230 r  RegB/result_reg_reg[9]_i_11/CO[3]
                         net (fo=1, routed)           0.000    13.230    RegB/result_reg_reg[9]_i_11_n_0
    SLICE_X7Y24          CARRY4 (Prop_carry4_CI_CO[3])
                                                      0.058    13.288 r  RegB/result_reg_reg[9]_i_8/CO[3]
                         net (fo=1, routed)           0.008    13.296    RegB/result_reg_reg[9]_i_8_n_0
    SLICE_X7Y25          CARRY4 (Prop_carry4_CI_CO[1])
                                                      0.094    13.390 r  RegB/result_reg_reg[9]_i_7/CO[1]
                         net (fo=20, routed)          1.211    14.600    RegB/q_reg_reg[15]_9[1]
    SLICE_X7Y19          LUT4 (Prop_lut4_I0_O)        0.152    14.752 r  RegB/result_reg[9]_i_6/O
                         net (fo=1, routed)           0.000    14.752    IR/result_reg_reg[9]_1
    SLICE_X7Y19          MUXF7 (Prop_muxf7_I1_O)      0.145    14.897 r  IR/result_reg_reg[9]_i_4/O
                         net (fo=1, routed)           0.567    15.464    IR/result_reg_reg[9]_i_4_n_0
    SLICE_X0Y20          LUT5 (Prop_lut5_I3_O)        0.151    15.615 r  IR/result_reg[9]_i_1/O
                         net (fo=1, routed)           0.000    15.615    ALU/D[9]
    SLICE_X0Y20          FDRE                                         r  ALU/result_reg_reg[9]/D
  -------------------------------------------------------------------    -------------------





Min Delay Paths
--------------------------------------------------------------------------------------
Slack:                    inf
  Source:                 RegC/q_reg_reg[10]/C
                            (rising edge-triggered cell FDCE)
  Destination:            DM/mem_reg_0_15_10_10/SP/I
  Path Group:             (none)
  Path Type:              Min at Fast Process Corner
  Data Path Delay:        0.201ns  (logic 0.100ns (49.804%)  route 0.101ns (50.196%))
  Logic Levels:           1  (FDCE=1)

    Location             Delay type                Incr(ns)  Path(ns)    Netlist Resource(s)
  -------------------------------------------------------------------    -------------------
    SLICE_X3Y22          FDCE                         0.000     0.000 r  RegC/q_reg_reg[10]/C
    SLICE_X3Y22          FDCE (Prop_fdce_C_Q)         0.100     0.100 r  RegC/q_reg_reg[10]/Q
                         net (fo=1, routed)           0.101     0.201    DM/mem_reg_0_15_10_10/D
    SLICE_X2Y23          RAMS32                                       r  DM/mem_reg_0_15_10_10/SP/I
  -------------------------------------------------------------------    -------------------

Slack:                    inf
  Source:                 RegC/q_reg_reg[11]/C
                            (rising edge-triggered cell FDCE)
  Destination:            DM/mem_reg_0_15_11_11/SP/I
  Path Group:             (none)
  Path Type:              Min at Fast Process Corner
  Data Path Delay:        0.201ns  (logic 0.100ns (49.804%)  route 0.101ns (50.196%))
  Logic Levels:           1  (FDCE=1)

    Location             Delay type                Incr(ns)  Path(ns)    Netlist Resource(s)
  -------------------------------------------------------------------    -------------------
    SLICE_X3Y22          FDCE                         0.000     0.000 r  RegC/q_reg_reg[11]/C
    SLICE_X3Y22          FDCE (Prop_fdce_C_Q)         0.100     0.100 r  RegC/q_reg_reg[11]/Q
                         net (fo=1, routed)           0.101     0.201    DM/mem_reg_0_15_11_11/D
    SLICE_X2Y23          RAMS32                                       r  DM/mem_reg_0_15_11_11/SP/I
  -------------------------------------------------------------------    -------------------

Slack:                    inf
  Source:                 RegC/q_reg_reg[13]/C
                            (rising edge-triggered cell FDCE)
  Destination:            DM/mem_reg_0_15_13_13/SP/I
  Path Group:             (none)
  Path Type:              Min at Fast Process Corner
  Data Path Delay:        0.201ns  (logic 0.100ns (49.804%)  route 0.101ns (50.196%))
  Logic Levels:           1  (FDCE=1)

    Location             Delay type                Incr(ns)  Path(ns)    Netlist Resource(s)
  -------------------------------------------------------------------    -------------------
    SLICE_X3Y24          FDCE                         0.000     0.000 r  RegC/q_reg_reg[13]/C
    SLICE_X3Y24          FDCE (Prop_fdce_C_Q)         0.100     0.100 r  RegC/q_reg_reg[13]/Q
                         net (fo=1, routed)           0.101     0.201    DM/mem_reg_0_15_13_13/D
    SLICE_X2Y24          RAMS32                                       r  DM/mem_reg_0_15_13_13/SP/I
  -------------------------------------------------------------------    -------------------

Slack:                    inf
  Source:                 RegC/q_reg_reg[12]/C
                            (rising edge-triggered cell FDCE)
  Destination:            DM/mem_reg_0_15_12_12/SP/I
  Path Group:             (none)
  Path Type:              Min at Fast Process Corner
  Data Path Delay:        0.202ns  (logic 0.100ns (49.557%)  route 0.102ns (50.443%))
  Logic Levels:           1  (FDCE=1)

    Location             Delay type                Incr(ns)  Path(ns)    Netlist Resource(s)
  -------------------------------------------------------------------    -------------------
    SLICE_X3Y22          FDCE                         0.000     0.000 r  RegC/q_reg_reg[12]/C
    SLICE_X3Y22          FDCE (Prop_fdce_C_Q)         0.100     0.100 r  RegC/q_reg_reg[12]/Q
                         net (fo=1, routed)           0.102     0.202    DM/mem_reg_0_15_12_12/D
    SLICE_X2Y23          RAMS32                                       r  DM/mem_reg_0_15_12_12/SP/I
  -------------------------------------------------------------------    -------------------

Slack:                    inf
  Source:                 RegC/q_reg_reg[3]/C
                            (rising edge-triggered cell FDCE)
  Destination:            DM/mem_reg_0_15_3_3/SP/I
  Path Group:             (none)
  Path Type:              Min at Fast Process Corner
  Data Path Delay:        0.209ns  (logic 0.100ns (47.792%)  route 0.109ns (52.208%))
  Logic Levels:           1  (FDCE=1)

    Location             Delay type                Incr(ns)  Path(ns)    Netlist Resource(s)
  -------------------------------------------------------------------    -------------------
    SLICE_X4Y16          FDCE                         0.000     0.000 r  RegC/q_reg_reg[3]/C
    SLICE_X4Y16          FDCE (Prop_fdce_C_Q)         0.100     0.100 r  RegC/q_reg_reg[3]/Q
                         net (fo=1, routed)           0.109     0.209    DM/mem_reg_0_15_3_3/D
    SLICE_X2Y16          RAMS32                                       r  DM/mem_reg_0_15_3_3/SP/I
  -------------------------------------------------------------------    -------------------

Slack:                    inf
  Source:                 RegC/q_reg_reg[5]/C
                            (rising edge-triggered cell FDCE)
  Destination:            DM/mem_reg_0_15_5_5/SP/I
  Path Group:             (none)
  Path Type:              Min at Fast Process Corner
  Data Path Delay:        0.209ns  (logic 0.100ns (47.765%)  route 0.109ns (52.235%))
  Logic Levels:           1  (FDCE=1)

    Location             Delay type                Incr(ns)  Path(ns)    Netlist Resource(s)
  -------------------------------------------------------------------    -------------------
    SLICE_X4Y16          FDCE                         0.000     0.000 r  RegC/q_reg_reg[5]/C
    SLICE_X4Y16          FDCE (Prop_fdce_C_Q)         0.100     0.100 r  RegC/q_reg_reg[5]/Q
                         net (fo=1, routed)           0.109     0.209    DM/mem_reg_0_15_5_5/D
    SLICE_X2Y16          RAMS32                                       r  DM/mem_reg_0_15_5_5/SP/I
  -------------------------------------------------------------------    -------------------

Slack:                    inf
  Source:                 ALU/result_reg_reg[5]/C
                            (rising edge-triggered cell FDRE)
  Destination:            RegC/q_reg_reg[5]/D
  Path Group:             (none)
  Path Type:              Min at Fast Process Corner
  Data Path Delay:        0.211ns  (logic 0.100ns (47.389%)  route 0.111ns (52.611%))
  Logic Levels:           1  (FDRE=1)

    Location             Delay type                Incr(ns)  Path(ns)    Netlist Resource(s)
  -------------------------------------------------------------------    -------------------
    SLICE_X7Y16          FDRE                         0.000     0.000 r  ALU/result_reg_reg[5]/C
    SLICE_X7Y16          FDRE (Prop_fdre_C_Q)         0.100     0.100 r  ALU/result_reg_reg[5]/Q
                         net (fo=2, routed)           0.111     0.211    RegC/D[5]
    SLICE_X4Y16          FDCE                                         r  RegC/q_reg_reg[5]/D
  -------------------------------------------------------------------    -------------------

Slack:                    inf
  Source:                 ALU/result_reg_reg[6]/C
                            (rising edge-triggered cell FDRE)
  Destination:            RegC/q_reg_reg[6]/D
  Path Group:             (none)
  Path Type:              Min at Fast Process Corner
  Data Path Delay:        0.215ns  (logic 0.100ns (46.540%)  route 0.115ns (53.460%))
  Logic Levels:           1  (FDRE=1)

    Location             Delay type                Incr(ns)  Path(ns)    Netlist Resource(s)
  -------------------------------------------------------------------    -------------------
    SLICE_X0Y17          FDRE                         0.000     0.000 r  ALU/result_reg_reg[6]/C
    SLICE_X0Y17          FDRE (Prop_fdre_C_Q)         0.100     0.100 r  ALU/result_reg_reg[6]/Q
                         net (fo=2, routed)           0.115     0.215    RegC/D[6]
    SLICE_X1Y15          FDCE                                         r  RegC/q_reg_reg[6]/D
  -------------------------------------------------------------------    -------------------

Slack:                    inf
  Source:                 RegC/q_reg_reg[7]/C
                            (rising edge-triggered cell FDCE)
  Destination:            DM/mem_reg_0_15_7_7/SP/I
  Path Group:             (none)
  Path Type:              Min at Fast Process Corner
  Data Path Delay:        0.219ns  (logic 0.118ns (53.934%)  route 0.101ns (46.066%))
  Logic Levels:           1  (FDCE=1)

    Location             Delay type                Incr(ns)  Path(ns)    Netlist Resource(s)
  -------------------------------------------------------------------    -------------------
    SLICE_X2Y14          FDCE                         0.000     0.000 r  RegC/q_reg_reg[7]/C
    SLICE_X2Y14          FDCE (Prop_fdce_C_Q)         0.118     0.118 r  RegC/q_reg_reg[7]/Q
                         net (fo=1, routed)           0.101     0.219    DM/mem_reg_0_15_7_7/D
    SLICE_X2Y15          RAMS32                                       r  DM/mem_reg_0_15_7_7/SP/I
  -------------------------------------------------------------------    -------------------

Slack:                    inf
  Source:                 RegC/q_reg_reg[6]/C
                            (rising edge-triggered cell FDCE)
  Destination:            DM/mem_reg_0_15_6_6/SP/I
  Path Group:             (none)
  Path Type:              Min at Fast Process Corner
  Data Path Delay:        0.244ns  (logic 0.100ns (41.004%)  route 0.144ns (58.996%))
  Logic Levels:           1  (FDCE=1)

    Location             Delay type                Incr(ns)  Path(ns)    Netlist Resource(s)
  -------------------------------------------------------------------    -------------------
    SLICE_X1Y15          FDCE                         0.000     0.000 r  RegC/q_reg_reg[6]/C
    SLICE_X1Y15          FDCE (Prop_fdce_C_Q)         0.100     0.100 r  RegC/q_reg_reg[6]/Q
                         net (fo=1, routed)           0.144     0.244    DM/mem_reg_0_15_6_6/D
    SLICE_X2Y15          RAMS32                                       r  DM/mem_reg_0_15_6_6/SP/I
  -------------------------------------------------------------------    -------------------





